fac_id,id11,province,id1,id2,factype,owner,rural,finalwt,ipw,hhrwt,probvign,hwkvignwt,absprobsamp,abshwkwt
1,1,1,1,2,Health Post,Public,Rural,3.74195408821105,3.741954,3.741954,0.5,7.483908,1.0,3.741954
2,2,1,1,2,Hospital,Public,Urban,2.2011494636535645,2.2011495,2.2011495,0.5,4.402299,0.25641027,8.584482
3,3,1,1,2,Hospital,Private,Urban,3.026580572128296,3.0265806,3.0265806,0.33333334,9.0797415,0.29411766,10.290374
4,4,1,1,2,Hospital,Private,Urban,3.026580572128296,3.0265806,3.0265806,0.33333334,9.0797415,1.0,3.0265806
5,5,1,1,2,Health Center,Private,Urban,3.026580572128296,3.0265806,3.0265806,1.0,3.0265806,1.0,3.0265806
6,6,1,1,2,Health Center,Private,Urban,3.026580572128296,3.0265806,3.0265806,1.0,3.0265806,1.0,3.0265806
7,7,1,1,2,Health Center,Public,Rural,3.7419540882110596,3.741954,3.741954,1.0,3.741954,0.5,7.483908
8,8,1,1,2,Health Center,Private,Rural,4.842528820037842,4.842529,4.842529,1.0,4.842529,1.0,4.842529
9,9,1,1,2,Health Center,Public,Rural,3.7419540882110596,3.741954,3.741954,1.0,3.741954,1.0,3.741954
10,10,1,1,2,Health Post,Public,Rural,3.7419540882110596,3.741954,3.741954,1.0,3.741954,1.0,3.741954
11,11,1,1,2,Health Center,Public,Rural,3.7419540882110596,3.741954,3.741954,0.6666667,5.6129313,1.0,3.741954
12,12,1,1,2,Health Post,Public,Rural,3.7419540882110596,3.741954,3.741954,0.6666667,5.6129313,1.0,3.741954
13,13,1,1,2,Health Center,Public,Rural,3.7419540882110596,3.741954,3.741954,1.0,3.741954,1.0,3.741954
14,14,1,1,2,Health Post,Public,Rural,3.7419540882110596,3.741954,3.741954,1.0,3.741954,1.0,3.741954
15,15,1,1,2,Health Center,Public,Rural,4.842528820037842,4.842529,4.842529,0.6666667,7.263793,0.5882353,8.232299
16,16,1,1,2,Health Center,Private,Rural,4.842528820037842,4.842529,4.842529,0.6666667,7.263793,0.5555556,8.716552
17,17,1,1,2,Health Center,Public,Rural,3.7419540882110596,3.741954,3.741954,1.0,3.741954,1.0,3.741954
18,18,1,1,2,Health Center,Private,Rural,4.842528820037842,4.842529,4.842529,1.0,4.842529,1.0,4.842529
19,19,1,1,2,Health Center,Public,Rural,3.7419540882110596,3.741954,3.741954,0.33333334,11.2258625,1.0,3.741954
20,20,1,1,2,Health Center,Private,Rural,4.842528820037842,4.842529,4.842529,0.5,9.685058,1.0,4.842529
21,21,1,1,4,Hospital,Public,Urban,4.957928657531738,4.9579287,4.9579287,0.5,9.915857,1.0,4.9579287
22,22,1,1,4,Health Center,Public,Rural,7.746763706207275,7.7467637,7.7467637,1.0,7.7467637,1.0,7.7467637
23,23,1,1,4,Health Center,Public,Rural,7.746763706207275,7.7467637,7.7467637,1.0,7.7467637,1.0,7.7467637
24,24,1,1,4,Health Post,Public,Rural,7.746763706207275,7.7467637,7.7467637,1.0,7.7467637,1.0,7.7467637
25,25,1,1,4,Health Center,Public,Rural,7.746763706207275,7.7467637,7.7467637,1.0,7.7467637,1.0,7.7467637
26,26,1,1,4,Health Center,Public,Rural,7.746763706207275,7.7467637,7.7467637,1.0,7.7467637,1.0,7.7467637
27,27,1,1,4,Health Center,Public,Urban,4.957928657531738,4.9579287,4.9579287,1.0,4.9579287,1.0,4.9579287
28,28,1,1,4,Health Post,Public,Urban,4.957928657531738,4.9579287,4.9579287,1.0,4.9579287,1.0,4.9579287
29,29,1,1,4,Health Post,Private,Rural,9.915857315063477,9.915857,9.915857,1.0,9.915857,1.0,9.915857
30,30,1,1,4,Health Center,Public,Rural,7.746763706207275,7.7467637,7.7467637,0.5,15.493527,1.0,7.7467637
31,31,1,1,4,Health Post,Public,Rural,7.746763706207275,7.7467637,7.7467637,1.0,7.7467637,1.0,7.7467637
32,32,1,1,4,Health Center,Public,Rural,7.746763706207275,7.7467637,7.7467637,1.0,7.7467637,1.0,7.7467637
33,33,1,1,1,Hospital,Public,Urban,2.4166667461395264,2.4166667,2.4166667,0.75,3.2222223,0.25641027,9.425
34,34,1,1,1,Hospital,Private,Urban,2.660377264022827,2.6603773,2.6603773,0.33333334,7.9811316,0.5555556,4.788679
35,35,1,1,1,Hospital,Private,Urban,2.660377264022827,2.6603773,2.6603773,0.6,4.433962,1.0,2.6603773
36,36,1,1,1,Hospital,Private,Urban,2.660377264022827,2.6603773,2.6603773,0.5,5.3207545,1.0,2.6603773
37,37,1,1,1,Hospital,Private,Urban,2.660377264022827,2.6603773,2.4941037,0.125,21.283018,0.33333334,7.9811316
38,38,1,1,1,Hospital,Private,Urban,2.660377264022827,2.6603773,2.6603773,0.6666667,3.9905658,1.0,2.6603773
39,39,1,1,1,Hospital,Private,Urban,2.660377264022827,2.6603773,2.6603773,0.2,13.301887,0.71428573,3.724528
40,40,1,1,1,Health Center,Private,Urban,2.660377264022827,2.6603773,2.6603773,0.4,6.6509433,1.0,2.6603773
41,41,1,1,1,Hospital,Private,Urban,2.660377264022827,2.6603773,2.6603773,0.25,10.641509,1.0,2.6603773
42,42,1,1,1,Health Center,Public,Urban,2.4166667461395264,2.4166667,2.4166667,0.5,4.8333335,0.90909094,2.6583335
43,43,1,1,1,Health Center,Public,Urban,2.4166667461395264,2.4166667,2.4166667,1.0,2.4166667,0.71428573,3.3833334
44,44,1,1,1,Health Center,Public,Urban,2.4166667461395264,2.4166667,2.4166667,0.5,4.8333335,1.0,2.4166667
45,45,1,1,1,Health Center,Public,Urban,2.4166667461395264,2.4166667,2.4166667,0.2,12.083334,1.0,2.4166667
46,46,1,1,1,Health Center,Public,Urban,2.4166667461395264,2.4166667,2.4166667,1.0,2.4166667,1.0,2.4166667
47,47,1,1,1,Health Center,Public,Urban,2.4166667461395264,2.4166667,2.4166667,0.5,4.8333335,0.8333333,2.9
48,48,1,1,1,Health Center,Public,Urban,2.4166667461395264,2.4166667,2.4166667,1.0,2.4166667,0.4,6.041667
49,49,1,1,1,Health Center,Public,Urban,2.4166667461395264,2.4166667,2.4166667,1.0,2.4166667,0.8333333,2.9
50,50,1,1,1,Health Center,Public,Urban,2.4166667461395264,2.4166667,2.4166667,0.5,4.8333335,1.0,2.4166667
51,51,1,1,1,Health Center,Public,Urban,2.4166667461395264,2.4166667,2.4166667,0.5,4.8333335,1.0,2.4166667
52,52,1,1,1,Health Center,Private,Urban,2.4166667461395264,2.4166667,2.4166667,0.055555556,43.5,0.47619048,5.075
53,53,1,1,1,Health Center,Private,Urban,2.660377264022827,2.6603773,2.6603773,1.0,2.6603773,1.0,2.6603773
54,54,1,1,1,Health Center,Private,Urban,2.660377264022827,2.6603773,2.6603773,1.0,2.6603773,1.0,2.6603773
55,55,1,1,1,Health Center,Private,Urban,2.660377264022827,2.6603773,2.6603773,1.0,2.6603773,1.0,2.6603773
56,56,1,1,1,Health Center,Private,Urban,2.660377264022827,2.6603773,2.6603773,1.0,2.6603773,1.0,2.6603773
57,57,1,1,1,Health Center,Private,Urban,2.660377264022827,2.6603773,2.6603773,1.0,2.6603773,1.0,2.6603773
58,58,1,1,1,Health Center,Private,Urban,2.660377264022827,2.6603773,2.6603773,0.5,5.3207545,1.0,2.6603773
59,59,1,1,1,Health Center,Private,Urban,2.660377264022827,2.6603773,2.6603773,1.0,2.6603773,1.0,2.6603773
60,60,1,1,1,Health Center,Private,Urban,2.660377264022827,2.6603773,2.6603773,1.0,2.6603773,1.0,2.6603773
61,61,1,1,1,Health Center,Private,Urban,2.660377264022827,2.6603773,2.6603773,0.5,5.3207545,1.0,2.6603773
62,62,1,1,1,Health Center,Private,Urban,2.660377264022827,2.6603773,2.6603773,1.0,2.6603773,1.0,2.6603773
63,63,1,1,1,Health Center,Private,Urban,2.660377264022827,2.6603773,2.6603773,1.0,2.6603773,1.0,2.6603773
64,64,1,1,1,Health Center,Private,Urban,2.660377264022827,2.6603773,2.6603773,0.2,13.301887,1.0,2.6603773
65,65,1,1,1,Health Center,Private,Urban,2.660377264022827,2.6603773,2.6603773,0.5,5.3207545,1.0,2.6603773
66,66,1,1,1,Health Center,Private,Urban,2.660377264022827,2.6603773,2.6603773,0.5,5.3207545,1.0,2.6603773
67,67,1,1,1,Health Center,Private,Urban,2.660377264022827,2.6603773,2.6603773,0.5,5.3207545,1.0,2.6603773
68,68,1,1,1,Health Center,Private,Urban,2.660377264022827,2.6603773,2.6603773,0.33333334,7.9811316,1.0,2.6603773
69,69,1,1,1,Health Center,Private,Urban,2.660377264022827,2.6603773,2.6603773,1.0,2.6603773,1.0,2.6603773
70,70,1,1,1,Health Center,Private,Urban,2.660377264022827,2.6603773,2.6603773,0.33333334,7.9811316,1.0,2.6603773
71,71,1,1,1,Health Center,Public,Urban,2.660377264022827,2.6603773,2.6603773,1.0,2.6603773,1.0,2.6603773
72,72,1,1,1,Health Center,Private,Urban,2.660377264022827,2.6603773,2.6603773,1.0,2.6603773,1.0,2.6603773
73,73,1,1,1,Health Center,Public,Urban,2.660377264022827,2.6603773,2.6603773,1.0,2.6603773,1.0,2.6603773
74,74,1,1,1,Health Center,Private,Urban,2.660377264022827,2.6603773,2.6603773,1.0,2.6603773,1.0,2.6603773
75,75,1,1,1,Health Center,Private,Urban,2.660377264022827,2.6603773,2.6603773,0.6666667,3.9905658,1.0,2.6603773
76,76,1,1,1,Health Center,Public,Urban,2.660377264022827,2.6603773,2.6603773,1.0,2.6603773,1.0,2.6603773
77,77,1,1,1,Health Center,Private,Urban,2.660377264022827,2.6603773,2.6603773,0.5,5.3207545,0.4,6.6509433
78,78,1,1,1,Health Center,Private,Urban,2.660377264022827,2.6603773,2.6603773,0.5,5.3207545,1.0,2.6603773
79,79,1,1,1,Health Center,Private,Urban,2.660377264022827,2.6603773,2.6603773,1.0,2.6603773,1.0,2.6603773
80,80,1,1,1,Health Center,Private,Urban,2.660377264022827,2.6603773,2.6603773,0.33333334,7.9811316,1.0,2.6603773
81,81,1,1,1,Health Center,Private,Urban,2.660377264022827,2.6603773,2.6603773,0.25,10.641509,1.0,2.6603773
82,82,1,1,1,Health Center,Private,Urban,2.660377264022827,2.6603773,2.6603773,1.0,2.6603773,1.0,2.6603773
83,83,1,1,1,Health Center,Private,Urban,2.660377264022827,2.6603773,2.6603773,0.03846154,69.16981,0.2631579,10.109433
84,84,1,1,1,Health Center,Private,Urban,2.660377264022827,2.6603773,2.6603773,0.5,5.3207545,1.0,2.6603773
85,85,1,1,1,Health Center,Private,Urban,2.660377264022827,2.6603773,2.6603773,0.5,5.3207545,1.0,2.6603773
86,86,1,1,1,Health Center,Private,Urban,2.660377264022827,2.6603773,2.6603773,1.0,2.6603773,1.0,2.6603773
87,87,1,1,1,Health Center,Private,Urban,2.660377264022827,2.6603773,2.6603773,1.0,2.6603773,1.0,2.6603773
88,88,1,1,1,Health Center,Private,Urban,2.660377264022827,2.6603773,2.6603773,0.5,5.3207545,1.0,2.6603773
89,89,1,1,1,Hospital,Private,Urban,2.660377264022827,2.6603773,2.6603773,1.0,2.6603773,1.0,2.6603773
90,90,1,1,1,Health Center,Private,Urban,2.660377264022827,2.6603773,2.6603773,0.5,5.3207545,1.0,2.6603773
91,91,1,1,1,Health Center,Private,Urban,2.660377264022827,2.6603773,2.6603773,1.0,2.6603773,1.0,2.6603773
92,92,1,1,1,Health Center,Private,Urban,2.660377264022827,2.6603773,2.6603773,1.0,2.6603773,1.0,2.6603773
93,93,1,1,1,Health Center,Private,Urban,2.660377264022827,2.6603773,2.6603773,0.3,8.867924,0.25,10.641509
94,94,1,1,1,Health Center,Private,Urban,2.660377264022827,2.6603773,2.6603773,1.0,2.6603773,1.0,2.6603773
95,95,1,1,1,Health Center,Private,Urban,2.660377264022827,2.6603773,2.6603773,1.0,2.6603773,1.0,2.6603773
96,96,1,1,1,Health Center,Private,Urban,2.660377264022827,2.6603773,2.6603773,0.25,10.641509,1.0,2.6603773
97,97,1,1,1,Health Center,Private,Urban,2.660377264022827,2.6603773,2.6603773,0.5,5.3207545,1.0,2.6603773
98,98,1,1,3,Hospital,Public,Urban,3.088709592819214,3.0887096,3.0887096,0.5,6.177419,1.0,3.0887096
99,99,1,1,3,Health Center,Public,Rural,4.8904571533203125,4.890457,4.890457,1.0,4.890457,1.0,4.890457
100,100,1,1,3,Health Center,Private,Rural,5.405241966247559,5.405242,5.405242,0.5,10.810484,1.0,5.405242
101,101,1,1,3,Health Center,Public,Rural,4.8904571533203125,4.890457,4.890457,0.5,9.780914,1.0,4.890457
102,102,1,1,3,Health Center,Public,Rural,4.8904571533203125,4.890457,4.890457,1.0,4.890457,1.0,4.890457
103,103,1,1,3,Health Post,Public,Rural,4.8904571533203125,4.890457,4.890457,1.0,4.890457,1.0,4.890457
104,104,1,1,3,Health Center,Public,Rural,4.8904571533203125,4.890457,4.890457,0.6,8.150762,1.0,4.890457
105,105,1,1,3,Health Post,Public,Rural,4.8904571533203125,4.890457,4.890457,1.0,4.890457,1.0,4.890457
106,106,1,1,3,Health Center,Public,Rural,4.8904571533203125,4.890457,4.890457,0.75,6.52061,1.0,4.890457
107,107,1,1,3,Health Center,Public,Urban,3.088709592819214,3.0887096,3.0887096,1.0,3.0887096,1.0,3.0887096
108,108,1,1,3,Health Center,Private,Urban,3.088709592819214,3.0887096,3.0887096,1.0,3.0887096,1.0,3.0887096
109,109,1,1,3,Health Post,Public,Rural,4.8904571533203125,4.890457,4.890457,1.0,4.890457,1.0,4.890457
110,110,1,1,3,Health Center,Private,Rural,5.405241966247559,5.405242,5.405242,0.5,10.810484,1.0,5.405242
111,111,1,1,3,Health Center,Public,Rural,4.8904571533203125,4.890457,4.890457,0.5,9.780914,1.0,4.890457
112,112,1,1,3,Health Center,Public,Rural,4.8904571533203125,4.890457,4.890457,0.6666667,7.3356857,1.0,4.890457
113,113,1,1,3,Health Center,Public,Rural,4.8904571533203125,4.890457,4.890457,1.0,4.890457,1.0,4.890457
114,114,1,1,3,Health Post,Public,Rural,4.8904571533203125,4.890457,4.890457,1.0,4.890457,1.0,4.890457
115,115,1,2,5,Health Center,Private,Rural,24.824073791503906,24.824074,24.824074,1.0,24.824074,1.0,24.824074
116,116,1,2,5,Hospital,Private,Rural,24.824073791503906,24.824074,24.824074,0.5,49.648148,1.0,24.824074
117,117,1,2,5,Health Center,Public,Rural,24.114816665649414,24.114817,24.114817,1.0,24.114817,1.0,24.114817
118,118,1,2,5,Health Center,Public,Rural,24.114816665649414,24.114817,24.114817,0.6666667,36.172226,1.0,24.114817
119,119,1,2,5,Health Center,Public,Rural,24.114816665649414,24.114817,24.114817,1.0,24.114817,1.0,24.114817
120,120,1,2,5,Health Post,Public,Rural,24.114816665649414,24.114817,24.114817,1.0,24.114817,1.0,24.114817
121,121,1,2,5,Health Center,Public,Rural,24.114816665649414,24.114817,24.114817,1.0,24.114817,1.0,24.114817
122,122,1,2,5,Health Center,Public,Urban,14.185185432434082,14.185185,14.185185,0.5,28.37037,1.0,14.185185
123,123,1,2,5,Health Center,Private,Urban,14.185185432434082,14.185185,14.185185,1.0,14.185185,1.0,14.185185
124,124,6,14,30,Hospital,Public,Urban,3.5727274417877197,3.5727274,3.5727274,0.14285715,25.00909,0.37037036,9.646364
125,125,6,14,30,Health Center,Public,Urban,3.5727274417877197,3.5727274,3.5727274,0.33333334,10.718183,1.0,3.5727274
126,126,6,14,30,Health Center,Private,Urban,4.763636589050293,4.7636366,4.7636366,1.0,4.7636366,0.7692308,6.1927276
127,127,6,14,30,Health Center,Public,Rural,16.672727584838867,16.672728,16.672728,1.0,16.672728,1.0,16.672728
128,128,6,14,30,Health Center,Public,Rural,16.672727584838867,16.672728,16.672728,1.0,16.672728,1.0,16.672728
129,129,6,14,30,Health Post,Public,Rural,16.672727584838867,16.672728,16.672728,1.0,16.672728,1.0,16.672728
130,130,6,14,30,Health Center,Private,Rural,2.3818182945251465,2.3818183,2.3818183,1.0,2.3818183,1.0,2.3818183
131,131,6,14,30,Health Center,Public,Rural,16.672727584838867,16.672728,16.672728,1.0,16.672728,1.0,16.672728
132,132,6,14,29,Health Center,Public,Urban,1.3333333730697632,1.3333334,1.3333334,0.75,1.7777779,0.41666666,3.2000003
133,133,6,14,29,Health Center,Public,Urban,1.3333333730697632,1.3333334,1.3333334,0.5,2.6666667,1.0,1.3333334
134,134,6,14,29,Health Post,Public,Urban,1.3333333730697632,1.3333334,1.3333334,1.0,1.3333334,1.0,1.3333334
135,135,6,14,29,Health Center,Private,Urban,2.1666667461395264,2.1666667,2.1666667,1.0,2.1666667,1.0,2.1666667
136,136,6,14,29,Health Center,Private,Urban,2.1666667461395264,2.1666667,2.1666667,1.0,2.1666667,1.0,2.1666667
137,137,6,14,29,Health Center,Private,Urban,2.1666667461395264,2.1666667,2.1666667,1.0,2.1666667,1.0,2.1666667
138,138,6,14,29,Health Center,Private,Urban,2.1666667461395264,2.1666667,2.1666667,1.0,2.1666667,1.0,2.1666667
139,139,6,14,29,Health Center,Private,Urban,2.1666667461395264,2.1666667,2.1666667,0.25,8.666667,0.71428573,3.0333333
140,140,6,14,29,Health Center,Private,Urban,2.1666667461395264,2.1666667,2.1666667,1.0,2.1666667,1.0,2.1666667
141,141,6,15,28,Hospital,Public,Urban,5.695652008056641,5.695652,5.695652,0.6666667,8.543478,0.6666667,8.543478
142,142,6,15,28,Hospital,Private,Urban,11.391304016113281,11.391304,11.391304,1.0,11.391304,0.41666666,27.33913
143,143,6,15,28,Health Center,Public,Rural,37.02173614501953,37.021736,37.021736,1.0,37.021736,1.0,37.021736
144,144,6,15,28,Health Center,Public,Urban,5.695652008056641,5.695652,5.695652,1.0,5.695652,1.0,5.695652
145,145,6,15,28,Health Center,Public,Rural,37.02173614501953,37.021736,37.021736,0.5,74.04347,1.0,37.021736
146,146,6,15,28,Health Center,Public,Rural,37.02173614501953,37.021736,37.021736,1.0,37.021736,1.0,37.021736
147,147,6,15,28,Health Post,Public,Rural,37.02173614501953,37.021736,37.021736,1.0,37.021736,1.0,37.021736
148,148,6,15,26,Hospital,Public,Urban,1.9089254140853882,1.9089254,1.9089254,0.5,3.8178508,0.3448276,5.5358834
149,149,6,15,26,Health Center,Public,Rural,10.021858215332031,10.021858,10.021858,1.0,10.021858,1.0,10.021858
150,150,6,15,26,Health Post,Public,Rural,10.021858215332031,10.021858,10.021858,1.0,10.021858,1.0,10.021858
151,151,6,15,26,Health Center,Public,Urban,1.9089254140853882,1.9089254,1.9089254,0.6666667,2.863388,1.0,1.9089254
152,152,6,15,26,Health Center,Public,Urban,1.9089254140853882,1.9089254,1.9089254,1.0,1.9089254,1.0,1.9089254
153,153,6,15,26,Health Center,Private,Urban,2.505464553833008,2.5054646,2.5054646,1.0,2.5054646,1.0,2.5054646
154,154,6,15,26,Health Center,Private,Urban,2.505464553833008,2.5054646,2.5054646,1.0,2.5054646,1.0,2.5054646
155,155,6,15,26,Health Center,Private,Urban,2.505464553833008,2.5054646,2.5054646,1.0,2.5054646,1.0,2.5054646
156,156,6,15,26,Health Post,Public,Urban,2.505464553833008,2.5054646,2.5054646,1.0,2.5054646,1.0,2.5054646
157,157,6,15,26,Health Center,Public,Rural,10.021858215332031,10.021858,10.021858,1.0,10.021858,1.0,10.021858
158,158,6,15,26,Health Post,Public,Rural,10.021858215332031,10.021858,10.021858,0.5,20.043716,1.0,10.021858
159,159,6,15,27,Hospital,Private,Urban,1.5,1.5,1.5,1.0,1.5,0.4,3.75
160,160,6,15,27,Health Center,Private,Rural,1.0,1.0,1.0,1.0,1.0,1.0,1.0
161,161,6,15,27,Health Post,Public,Rural,6.599999904632568,6.6,6.6,1.0,6.6,1.0,6.6
162,162,6,15,27,Health Post,Public,Rural,6.599999904632568,6.6,6.6,1.0,6.6,1.0,6.6
163,163,6,15,27,Health Center,Public,Rural,6.599999904632568,6.6,6.6,0.5,13.2,1.0,6.6
164,164,6,15,27,Health Center,Private,Rural,1.0,1.0,1.0,0.5,2.0,1.0,1.0
165,165,6,15,27,Health Center,Public,Rural,6.599999904632568,6.6,6.6,1.0,6.6,1.0,6.6
166,166,6,15,27,Health Center,Public,Rural,6.599999904632568,6.6,6.6,1.0,6.6,1.0,6.6
167,167,6,15,27,Health Center,Public,Urban,1.0,1.0,1.0,0.5,2.0,0.5882353,1.6999999
168,168,6,15,27,Health Center,Private,Urban,1.5,1.5,1.5,0.5,3.0,1.0,1.5
169,169,6,15,27,Health Post,Public,Rural,1.0,1.0,1.0,1.0,1.0,1.0,1.0
170,170,2,4,7,Health Center,Public,Rural,2.6437246799468994,2.6437247,2.6437247,1.0,2.6437247,1.0,2.6437247
171,171,2,4,7,Health Post,Public,Rural,2.6437246799468994,2.6437247,2.6437247,1.0,2.6437247,1.0,2.6437247
172,172,2,4,7,Health Center,Public,Rural,2.6437246799468994,2.6437247,2.6437247,1.0,2.6437247,1.0,2.6437247
173,173,2,4,7,Health Post,Public,Rural,2.6437246799468994,2.6437247,2.6437247,1.0,2.6437247,1.0,2.6437247
174,174,2,4,7,Health Center,Public,Rural,2.6437246799468994,2.6437247,2.6437247,1.0,2.6437247,1.0,2.6437247
175,175,2,4,7,Health Center,Public,Urban,1.9827935695648193,1.9827936,1.9827936,1.0,1.9827936,1.0,1.9827936
176,176,2,4,7,Health Center,Public,Urban,1.9827935695648193,1.9827936,1.9827936,0.5,3.9655871,0.8,2.478492
177,177,2,4,7,Health Center,Private,Urban,1.9827935695648193,1.9827936,1.9827936,0.5,3.9655871,1.0,1.9827936
178,178,2,4,7,Health Center,Private,Urban,1.9827935695648193,1.9827936,1.9827936,1.0,1.9827936,1.0,1.9827936
179,179,2,4,7,Health Center,Private,Urban,1.9827935695648193,1.9827936,1.9827936,1.0,1.9827936,1.0,1.9827936
180,180,2,4,7,Health Center,Private,Urban,1.9827935695648193,1.9827936,1.9827936,1.0,1.9827936,1.0,1.9827936
181,181,2,4,7,Health Post,Public,Rural,2.6437246799468994,2.6437247,2.6437247,1.0,2.6437247,1.0,2.6437247
182,182,2,4,7,Health Center,Public,Rural,2.6437246799468994,2.6437247,2.6437247,0.5,5.2874494,1.0,2.6437247
183,183,2,4,7,Health Center,Public,Rural,2.6437246799468994,2.6437247,2.6437247,1.0,2.6437247,1.0,2.6437247
184,184,2,4,7,Health Post,Public,Rural,2.6437246799468994,2.6437247,2.6437247,1.0,2.6437247,1.0,2.6437247
185,185,2,4,7,Health Center,Public,Rural,2.6437246799468994,2.6437247,2.6437247,0.5,5.2874494,1.0,2.6437247
186,186,2,4,7,Health Post,Public,Rural,2.6437246799468994,2.6437247,2.6437247,1.0,2.6437247,1.0,2.6437247
187,187,2,4,7,Health Center,Public,Rural,2.6437246799468994,2.6437247,2.6437247,0.5,5.2874494,1.0,2.6437247
188,188,2,4,7,Health Post,Private,Rural,1.9827935695648193,1.9827936,1.9827936,1.0,1.9827936,1.0,1.9827936
189,189,2,4,7,Health Center,Public,Rural,2.6437246799468994,2.6437247,2.6437247,0.5,5.2874494,1.0,2.6437247
190,190,2,4,7,Health Center,Private,Rural,1.9827935695648193,1.9827936,1.9827936,0.5,3.9655871,1.0,1.9827936
191,191,2,4,7,Health Center,Public,Rural,2.6437246799468994,2.6437247,2.6437247,1.0,2.6437247,1.0,2.6437247
192,192,2,4,7,Health Center,Public,Rural,2.6437246799468994,2.6437247,2.6437247,1.0,2.6437247,1.0,2.6437247
193,193,2,4,7,Health Center,Public,Rural,2.6437246799468994,2.6437247,2.6437247,1.0,2.6437247,1.0,2.6437247
194,194,2,4,7,Health Center,Public,Rural,2.6437246799468994,2.6437247,2.6437247,0.5,5.2874494,1.0,2.6437247
195,195,2,4,7,Health Post,Public,Rural,2.6437246799468994,2.6437247,2.6437247,1.0,2.6437247,1.0,2.6437247
196,196,2,4,7,Health Post,Public,Rural,2.6437246799468994,2.6437247,2.6437247,1.0,2.6437247,1.0,2.6437247
197,197,2,5,9,Hospital,Public,Urban,2.009230852127075,2.0092309,2.0092309,0.4,5.023077,0.41666666,4.822154
198,198,2,5,9,Health Center,Public,Rural,3.8175384998321533,3.8175385,3.8175385,0.33333334,11.452616,1.0,3.8175385
199,199,2,5,9,Health Center,Public,Rural,3.8175384998321533,3.8175385,3.8175385,0.5,7.635077,1.0,3.8175385
200,200,2,5,9,Health Center,Public,Rural,3.8175384998321533,3.8175385,3.8175385,1.0,3.8175385,1.0,3.8175385
201,201,2,5,9,Hospital,Private,Rural,4.01846170425415,4.0184617,4.0184617,0.4,10.046154,1.0,4.0184617
202,202,2,5,9,Health Center,Public,Urban,2.009230852127075,2.0092309,2.0092309,1.0,2.0092309,1.0,2.0092309
203,203,2,5,9,Health Center,Public,Urban,2.009230852127075,2.0092309,2.0092309,0.5,4.0184617,1.0,2.0092309
204,204,2,5,9,Health Center,Private,Urban,4.01846170425415,4.0184617,4.0184617,1.0,4.0184617,1.0,4.0184617
205,205,2,5,9,Health Post,Public,Urban,4.01846170425415,4.0184617,4.0184617,1.0,4.0184617,1.0,4.0184617
206,206,2,5,9,Health Center,Public,Rural,3.8175384998321533,3.8175385,3.8175385,1.0,3.8175385,1.0,3.8175385
207,207,2,5,9,Health Center,Public,Rural,3.8175384998321533,3.8175385,3.8175385,0.5,7.635077,1.0,3.8175385
208,208,2,5,9,Health Center,Private,Rural,4.01846170425415,4.0184617,4.0184617,1.0,4.0184617,1.0,4.0184617
209,209,2,5,9,Health Center,Public,Rural,3.8175384998321533,3.8175385,3.8175385,0.75,5.0900517,1.0,3.8175385
210,210,2,5,9,Health Center,Public,Rural,3.8175384998321533,3.8175385,3.8175385,1.0,3.8175385,1.0,3.8175385
211,211,2,5,9,Health Center,Public,Rural,3.8175384998321533,3.8175385,3.8175385,0.5,7.635077,1.0,3.8175385
212,212,2,5,9,Health Post,Public,Rural,3.8175384998321533,3.8175385,3.8175385,1.0,3.8175385,1.0,3.8175385
213,213,2,5,9,Health Center,Public,Rural,3.8175384998321533,3.8175385,3.8175385,0.6666667,5.726308,1.0,3.8175385
214,214,2,5,9,Health Post,Private,Rural,4.01846170425415,4.0184617,4.0184617,1.0,4.0184617,1.0,4.0184617
215,215,2,5,10,Health Center,Public,Rural,76.82353210449219,76.82353,76.82353,0.5,153.64706,1.0,76.82353
216,216,2,5,10,Health Post,Public,Rural,76.82353210449219,76.82353,76.82353,1.0,76.82353,1.0,76.82353
217,217,2,5,10,Health Post,Public,Rural,76.82353210449219,76.82353,76.82353,1.0,76.82353,1.0,76.82353
218,218,2,5,10,Health Post,Private,Rural,38.411766052246094,38.411766,38.411766,1.0,38.411766,1.0,38.411766
219,219,2,5,10,Health Center,Public,Rural,76.82353210449219,76.82353,76.82353,1.0,76.82353,0.5,153.64706
220,220,2,3,8,Hospital,Public,Urban,3.6277778148651123,3.6277778,3.6277778,0.5,7.2555556,1.0,3.6277778
221,221,2,3,8,Health Post,Public,Rural,7.255555629730225,7.2555556,7.2555556,1.0,7.2555556,1.0,7.2555556
222,222,2,3,8,Health Center,Public,Urban,3.6277778148651123,3.6277778,3.6277778,0.5,7.2555556,0.6666667,5.4416666
223,223,2,3,8,Health Center,Private,Urban,3.6277778148651123,3.6277778,3.6277778,1.0,3.6277778,1.0,3.6277778
224,224,2,3,8,Health Center,Public,Rural,7.255555629730225,7.2555556,7.2555556,1.0,7.2555556,1.0,7.2555556
225,225,2,3,8,Health Post,Public,Rural,7.255555629730225,7.2555556,7.2555556,1.0,7.2555556,1.0,7.2555556
226,226,2,3,8,Health Center,Public,Rural,7.255555629730225,7.2555556,7.2555556,1.0,7.2555556,1.0,7.2555556
227,227,2,3,8,Health Post,Public,Rural,7.255555629730225,7.2555556,7.2555556,1.0,7.2555556,1.0,7.2555556
228,228,2,3,8,Health Center,Public,Rural,7.255555629730225,7.2555556,7.2555556,1.0,7.2555556,1.0,7.2555556
229,229,2,3,8,Health Center,Public,Rural,7.255555629730225,7.2555556,7.2555556,1.0,7.2555556,1.0,7.2555556
230,230,2,3,8,Health Center,Public,Rural,7.255555629730225,7.2555556,7.2555556,1.0,7.2555556,1.0,7.2555556
231,231,2,3,8,Health Center,Public,Rural,7.255555629730225,7.2555556,7.2555556,0.5,14.511111,1.0,7.2555556
232,232,2,3,8,Health Center,Public,Rural,7.255555629730225,7.2555556,7.2555556,1.0,7.2555556,1.0,7.2555556
233,233,2,3,6,Hospital,Private,Urban,1.692307710647583,1.6923077,1.6923077,1.0,1.6923077,0.5555556,3.0461538
234,234,2,3,6,Health Center,Public,Urban,1.2666666507720947,1.2666667,1.2666667,0.5,2.5333333,1.0,1.2666667
235,235,2,3,6,Health Center,Public,Urban,1.2666666507720947,1.2666667,1.2666667,0.25,5.0666666,1.0,1.2666667
236,236,2,3,6,Health Center,Public,Urban,1.2666666507720947,1.2666667,1.2666667,0.33333334,3.8,1.0,1.2666667
237,237,2,3,6,Health Center,Public,Urban,1.2666666507720947,1.2666667,1.2666667,0.2,6.333333,0.8333333,1.5200001
238,238,2,3,6,Health Center,Public,Urban,1.2666666507720947,1.2666667,1.2666667,1.0,1.2666667,1.0,1.2666667
239,239,2,3,6,Health Center,Public,Urban,1.2666666507720947,1.2666667,1.2666667,0.71428573,1.7733333,1.0,1.2666667
240,240,2,3,6,Health Center,Public,Urban,1.2666666507720947,1.2666667,1.2666667,0.5,2.5333333,1.0,1.2666667
241,241,2,3,6,Health Center,Public,Urban,1.2666666507720947,1.2666667,1.2666667,0.5,2.5333333,1.0,1.2666667
242,242,2,3,6,Health Center,Public,Urban,1.2666666507720947,1.2666667,1.2666667,0.5,2.5333333,1.0,1.2666667
243,243,2,3,6,Health Center,Public,Urban,1.2666666507720947,1.2666667,1.2666667,1.0,1.2666667,1.0,1.2666667
244,244,2,3,6,Health Center,Public,Urban,1.2666666507720947,1.2666667,1.2666667,0.6666667,1.9,1.0,1.2666667
245,245,2,3,6,Health Center,Public,Urban,1.2666666507720947,1.2666667,1.2666667,1.0,1.2666667,1.0,1.2666667
246,246,2,3,6,Health Center,Public,Urban,1.2666666507720947,1.2666667,1.2666667,0.5,2.5333333,1.0,1.2666667
247,247,2,3,6,Health Center,Public,Urban,1.2666666507720947,1.2666667,1.2666667,1.0,1.2666667,1.0,1.2666667
248,248,2,3,6,Health Post,Public,Urban,1.2666666507720947,1.2666667,1.2666667,1.0,1.2666667,1.0,1.2666667
249,249,2,3,6,Health Center,Private,Urban,1.692307710647583,1.6923077,1.6923077,0.5,3.3846154,0.6666667,2.5384617
250,250,2,3,6,Health Center,Private,Urban,1.692307710647583,1.6923077,1.6923077,1.0,1.6923077,1.0,1.6923077
251,251,2,3,6,Health Center,Private,Urban,1.692307710647583,1.6923077,1.6923077,1.0,1.6923077,1.0,1.6923077
252,252,2,3,6,Health Center,Private,Urban,1.692307710647583,1.6923077,1.6923077,1.0,1.6923077,1.0,1.6923077
253,253,2,3,6,Health Center,Private,Urban,1.692307710647583,1.6923077,1.6923077,1.0,1.6923077,1.0,1.6923077
254,254,2,3,6,Health Post,Private,Urban,1.692307710647583,1.6923077,1.6923077,1.0,1.6923077,1.0,1.6923077
255,255,2,3,6,Health Center,Private,Urban,1.692307710647583,1.6923077,1.6923077,1.0,1.6923077,1.0,1.6923077
256,256,2,3,6,Health Center,Private,Urban,1.692307710647583,1.6923077,1.6923077,1.0,1.6923077,1.0,1.6923077
257,257,2,3,6,Health Center,Private,Urban,1.692307710647583,1.6923077,1.6923077,0.5,3.3846154,1.0,1.6923077
258,258,2,3,6,Health Center,Private,Urban,1.692307710647583,1.6923077,1.6923077,1.0,1.6923077,1.0,1.6923077
259,259,2,3,6,Health Center,Private,Urban,1.692307710647583,1.6923077,1.6923077,1.0,1.6923077,1.0,1.6923077
260,260,2,3,6,Health Post,Private,Urban,1.692307710647583,1.6923077,1.6923077,0.5,3.3846154,1.0,1.6923077
261,261,4,9,16,Hospital,Private,Urban,1.8888888359069824,1.8888888,1.8888888,0.33333334,5.6666665,1.0,1.8888888
262,262,4,9,16,Hospital,Private,Urban,1.8888888359069824,1.8888888,1.8888888,1.0,1.8888888,0.8,2.3611112
263,263,4,9,16,Health Center,Public,Urban,1.399999976158142,1.4,1.4,0.5,2.8,0.45454547,3.08
264,264,4,9,16,Health Center,Public,Urban,1.399999976158142,1.4,1.4,0.33333334,4.2,0.9,1.5555556
265,265,4,9,16,Health Center,Public,Urban,1.399999976158142,1.4,1.4,0.5,2.8,1.0,1.4
266,266,4,9,16,Health Center,Private,Urban,1.399999976158142,1.4,1.4,0.75,1.8666667,1.0,1.4
267,267,4,9,16,Health Center,Public,Urban,1.399999976158142,1.4,1.4,0.6666667,2.1,0.7692308,1.8199999
268,268,4,9,16,Health Center,Public,Urban,1.399999976158142,1.4,1.4,0.6666667,2.1,1.0,1.4
269,269,4,9,16,Health Center,Public,Urban,1.399999976158142,1.4,1.4,0.25,5.6,0.625,2.24
270,270,4,9,16,Health Center,Public,Urban,1.399999976158142,1.4,1.4,1.0,1.4,1.0,1.4
271,271,4,9,16,Health Center,Public,Urban,1.399999976158142,1.4,1.4,0.33333334,4.2,1.0,1.4
272,272,4,9,16,Health Center,Public,Urban,1.399999976158142,1.4,1.4,1.0,1.4,1.0,1.4
273,273,4,9,16,Health Center,Private,Urban,1.8888888359069824,1.8888888,1.8888888,1.0,1.8888888,1.0,1.8888888
274,274,4,9,16,Health Center,Private,Urban,1.8888888359069824,1.8888888,1.8888888,0.6666667,2.8333333,0.32258064,5.8555555
275,275,4,9,16,Health Center,Private,Urban,1.8888888359069824,1.8888888,1.8888888,1.0,1.8888888,0.7692308,2.4555554
276,276,4,9,16,Health Post,Private,Urban,1.8888888359069824,1.8888888,1.8888888,1.0,1.8888888,1.0,1.8888888
277,277,4,9,16,Health Center,Private,Urban,1.8888888359069824,1.8888888,1.8888888,1.0,1.8888888,1.0,1.8888888
278,278,4,9,16,Health Center,Private,Urban,1.8888888359069824,1.8888888,1.8888888,0.33333334,5.6666665,0.7692308,2.4555554
279,279,4,9,16,Health Center,Private,Urban,1.8888888359069824,1.8888888,1.8888888,0.5,3.7777777,0.7692308,2.4555554
280,280,4,10,19,Hospital,Private,Urban,2.0382351875305176,2.0382352,2.0382352,1.0,2.0382352,1.0,2.0382352
281,281,4,10,19,Health Center,Public,Rural,4.4161763191223145,4.4161763,4.4161763,0.5,8.832353,1.0,4.4161763
282,282,4,10,19,Health Center,Public,Rural,4.4161763191223145,4.4161763,4.4161763,1.0,4.4161763,1.0,4.4161763
283,283,4,10,19,Health Post,Public,Rural,4.4161763191223145,4.4161763,4.4161763,0.5,8.832353,1.0,4.4161763
284,284,4,10,19,Hospital,Private,Rural,1.358823537826538,1.3588235,1.3588235,1.0,1.3588235,0.8333333,1.6305883
285,285,4,10,19,Health Center,Public,Rural,4.4161763191223145,4.4161763,4.4161763,1.0,4.4161763,1.0,4.4161763
286,286,4,10,19,Health Post,Public,Rural,4.4161763191223145,4.4161763,4.4161763,1.0,4.4161763,1.0,4.4161763
287,287,4,10,19,Health Center,Public,Rural,4.4161763191223145,4.4161763,4.4161763,1.0,4.4161763,1.0,4.4161763
288,288,4,10,19,Health Post,Public,Rural,4.4161763191223145,4.4161763,4.4161763,1.0,4.4161763,1.0,4.4161763
289,289,4,10,19,Health Center,Public,Urban,2.0382351875305176,2.0382352,2.0382352,0.2857143,7.1338224,1.0,2.0382352
290,290,4,10,19,Health Center,Public,Urban,2.0382351875305176,2.0382352,2.0382352,0.5,4.0764704,1.0,2.0382352
291,291,4,10,19,Health Center,Private,Urban,2.0382351875305176,2.0382352,2.0382352,1.0,2.0382352,1.0,2.0382352
292,292,4,10,19,Health Post,Public,Rural,4.4161763191223145,4.4161763,4.4161763,1.0,4.4161763,1.0,4.4161763
293,293,4,10,18,Hospital,Public,Urban,1.5,1.5,1.5,1.0,1.5,1.0,1.5
294,294,4,10,18,Hospital,Private,Urban,1.5,1.5,1.5,0.8,1.875,0.875,1.7142859
295,295,4,10,18,Health Center,Public,Rural,3.454545497894287,3.4545455,3.4545455,1.0,3.4545455,1.0,3.4545455
296,296,4,10,18,Health Post,Public,Rural,3.454545497894287,3.4545455,3.4545455,0.5,6.909091,1.0,3.4545455
297,297,4,10,18,Health Post,Public,Rural,3.454545497894287,3.4545455,3.4545455,1.0,3.4545455,1.0,3.4545455
298,298,4,10,18,Health Post,Public,Rural,3.454545497894287,3.4545455,3.4545455,1.0,3.4545455,1.0,3.4545455
299,299,4,10,18,Health Post,Public,Rural,3.454545497894287,3.4545455,3.4545455,1.0,3.4545455,1.0,3.4545455
300,300,4,10,18,Health Center,Private,Rural,1.0,1.0,1.0,1.0,1.0,1.0,1.0
301,301,4,10,18,Health Center,Private,Urban,1.0,1.0,1.0,1.0,1.0,1.0,1.0
302,302,4,10,18,Health Center,Public,Rural,3.454545497894287,3.4545455,3.4545455,1.0,3.4545455,1.0,3.4545455
303,303,4,10,18,Health Post,Public,Rural,3.454545497894287,3.4545455,3.4545455,1.0,3.4545455,1.0,3.4545455
304,304,4,10,18,Health Post,Public,Rural,3.454545497894287,3.4545455,3.4545455,1.0,3.4545455,1.0,3.4545455
305,305,4,10,18,Health Post,Public,Rural,3.454545497894287,3.4545455,3.4545455,1.0,3.4545455,1.0,3.4545455
306,306,4,10,18,Health Post,Public,Rural,3.454545497894287,3.4545455,3.4545455,1.0,3.4545455,1.0,3.4545455
307,307,4,10,18,Health Center,Public,Rural,3.454545497894287,3.4545455,3.4545455,1.0,3.4545455,1.0,3.4545455
308,308,4,10,20,Hospital,Public,Urban,7.615384101867676,7.615384,7.615384,0.5,15.230768,0.625,12.184615
309,309,4,10,20,Hospital,Private,Urban,7.615384101867676,7.615384,7.615384,0.5,15.230768,1.0,7.615384
310,310,4,10,20,Health Center,Public,Rural,15.230768203735352,15.230768,15.230768,1.0,15.230768,0.75,20.307692
311,311,4,10,20,Health Center,Public,Rural,15.230768203735352,15.230768,15.230768,0.5,30.461536,1.0,15.230768
312,312,4,10,20,Health Center,Private,Rural,5.07692289352417,5.076923,5.076923,1.0,5.076923,1.0,5.076923
313,313,4,10,20,Health Center,Public,Rural,15.230768203735352,15.230768,15.230768,0.5,30.461536,1.0,15.230768
314,314,4,10,20,Health Center,Public,Rural,15.230768203735352,15.230768,15.230768,1.0,15.230768,1.0,15.230768
315,315,4,10,20,Health Post,Public,Rural,15.230768203735352,15.230768,15.230768,1.0,15.230768,1.0,15.230768
316,316,4,10,17,Hospital,Public,Urban,2.1388888359069824,2.1388888,2.1388888,1.0,2.1388888,0.6666667,3.2083333
317,317,4,10,17,Health Center,Public,Rural,6.773148059844971,6.773148,6.773148,0.5,13.546296,1.0,6.773148
318,318,4,10,17,Health Center,Public,Rural,6.773148059844971,6.773148,6.773148,1.0,6.773148,1.0,6.773148
319,319,4,10,17,Health Center,Public,Rural,6.773148059844971,6.773148,6.773148,1.0,6.773148,1.0,6.773148
320,320,4,10,17,Health Post,Public,Rural,6.773148059844971,6.773148,6.773148,1.0,6.773148,1.0,6.773148
321,321,4,10,17,Health Center,Public,Urban,2.1388888359069824,2.1388888,2.1388888,0.5,4.2777777,1.0,2.1388888
322,322,4,10,17,Health Center,Public,Rural,6.773148059844971,6.773148,6.773148,0.5,13.546296,1.0,6.773148
323,323,4,10,17,Health Center,Private,Rural,2.1388888359069824,2.1388888,2.1388888,1.0,2.1388888,1.0,2.1388888
324,324,4,10,17,Health Post,Public,Rural,6.773148059844971,6.773148,6.773148,1.0,6.773148,1.0,6.773148
325,325,3,8,14,Health Center,Public,Urban,2.290726900100708,2.290727,2.290727,0.5,4.581454,1.0,2.290727
326,326,3,8,14,Health Center,Private,Urban,2.290726900100708,2.290727,2.290727,1.0,2.290727,1.0,2.290727
327,327,3,8,14,Health Center,Private,Urban,2.290726900100708,2.290727,2.290727,1.0,2.290727,1.0,2.290727
328,328,3,8,14,Health Post,Private,Urban,2.290726900100708,2.290727,2.290727,0.5,4.581454,1.0,2.290727
329,329,3,8,14,Health Center,Public,Rural,3.5241951942443848,3.5241952,3.5241952,1.0,3.5241952,1.0,3.5241952
330,330,3,8,14,Health Post,Public,Rural,3.5241951942443848,3.5241952,3.5241952,1.0,3.5241952,1.0,3.5241952
331,331,3,8,14,Health Center,Private,Rural,2.8634085655212402,2.8634086,2.8634086,0.33333334,8.590225,1.0,2.8634086
332,332,3,8,14,Health Center,Public,Rural,3.5241951942443848,3.5241952,3.5241952,1.0,3.5241952,1.0,3.5241952
333,333,3,8,14,Health Center,Public,Rural,3.5241951942443848,3.5241952,3.5241952,1.0,3.5241952,1.0,3.5241952
334,334,3,8,14,Health Center,Public,Rural,3.5241951942443848,3.5241952,3.5241952,1.0,3.5241952,1.0,3.5241952
335,335,3,8,14,Health Post,Public,Rural,3.5241951942443848,3.5241952,3.5241952,1.0,3.5241952,1.0,3.5241952
336,336,3,8,14,Health Center,Public,Rural,3.5241951942443848,3.5241952,3.5241952,1.0,3.5241952,1.0,3.5241952
337,337,3,8,14,Health Post,Public,Rural,3.5241951942443848,3.5241952,3.5241952,0.5,7.0483904,1.0,3.5241952
338,338,3,8,14,Health Center,Public,Rural,3.5241951942443848,3.5241952,3.5241952,1.0,3.5241952,1.0,3.5241952
339,339,3,8,14,Health Post,Public,Rural,3.5241951942443848,3.5241952,3.5241952,1.0,3.5241952,1.0,3.5241952
340,340,3,8,14,Health Post,Private,Rural,2.8634085655212402,2.8634086,2.8634086,1.0,2.8634086,1.0,2.8634086
341,341,3,8,14,Health Center,Public,Rural,3.5241951942443848,3.5241952,3.5241952,1.0,3.5241952,1.0,3.5241952
342,342,3,8,14,Health Post,Public,Rural,3.5241951942443848,3.5241952,3.5241952,1.0,3.5241952,1.0,3.5241952
343,343,3,8,14,Health Post,Public,Rural,3.5241951942443848,3.5241952,3.5241952,1.0,3.5241952,1.0,3.5241952
344,344,3,8,15,Hospital,Public,Urban,20.16176414489746,20.161764,20.161764,1.0,20.161764,0.90909094,22.17794
345,345,3,8,15,Health Center,Public,Urban,20.16176414489746,20.161764,20.161764,0.6,33.60294,1.0,20.161764
346,346,3,8,15,Health Post,Public,Urban,20.16176414489746,20.161764,20.161764,1.0,20.161764,1.0,20.161764
347,347,3,8,15,Health Post,Private,Urban,20.16176414489746,20.161764,20.161764,1.0,20.161764,1.0,20.161764
348,348,3,8,15,Health Center,Public,Rural,43.68382263183594,43.683823,43.683823,0.5,87.367645,1.0,43.683823
349,349,3,8,15,Health Post,Public,Rural,43.68382263183594,43.683823,43.683823,1.0,43.683823,1.0,43.683823
350,350,3,8,15,Health Post,Public,Rural,43.68382263183594,43.683823,43.683823,1.0,43.683823,1.0,43.683823
351,351,3,8,15,Health Center,Public,Rural,43.68382263183594,43.683823,43.683823,1.0,43.683823,1.0,43.683823
352,352,3,7,12,Health Post,Public,Rural,9.79285717010498,9.792857,9.792857,1.0,9.792857,1.0,9.792857
353,353,3,7,12,Health Post,Public,Rural,9.79285717010498,9.792857,9.792857,1.0,9.792857,1.0,9.792857
354,354,3,7,12,Health Post,Public,Rural,9.79285717010498,9.792857,9.792857,1.0,9.792857,1.0,9.792857
355,355,3,7,12,Health Center,Public,Rural,9.79285717010498,9.792857,9.792857,1.0,9.792857,0.6666667,14.689285
356,356,3,7,12,Health Center,Public,Urban,3.2642858028411865,3.2642858,3.2642858,0.6666667,4.8964286,0.85714287,3.8083334
357,357,3,7,12,Health Post,Public,Urban,3.2642858028411865,3.2642858,3.2642858,1.0,3.2642858,1.0,3.2642858
358,358,3,7,12,Health Post,Public,Rural,9.79285717010498,9.792857,9.792857,1.0,9.792857,1.0,9.792857
359,359,3,7,12,Health Center,Public,Rural,9.79285717010498,9.792857,9.792857,0.5,19.585714,1.0,9.792857
360,360,3,7,12,Health Post,Public,Rural,9.79285717010498,9.792857,9.792857,1.0,9.792857,1.0,9.792857
361,361,3,6,13,Health Center,Public,Rural,5.480627536773682,5.4806275,5.4806275,0.5,10.961255,1.0,5.4806275
362,362,3,6,13,Health Post,Public,Rural,5.480627536773682,5.4806275,5.4806275,1.0,5.4806275,1.0,5.4806275
363,363,3,6,13,Health Post,Private,Rural,4.215867042541504,4.215867,4.215867,0.5,8.431734,1.0,4.215867
364,364,3,6,13,Health Center,Public,Rural,5.480627536773682,5.4806275,5.4806275,1.0,5.4806275,1.0,5.4806275
365,365,3,6,13,Health Center,Private,Rural,4.215867042541504,4.215867,4.215867,1.0,4.215867,1.0,4.215867
366,366,3,6,13,Health Center,Public,Rural,5.480627536773682,5.4806275,5.4806275,1.0,5.4806275,1.0,5.4806275
367,367,3,6,13,Health Post,Public,Rural,5.480627536773682,5.4806275,5.4806275,1.0,5.4806275,1.0,5.4806275
368,368,3,6,13,Health Center,Public,Rural,5.480627536773682,5.4806275,5.4806275,1.0,5.4806275,1.0,5.4806275
369,369,3,6,13,Health Post,Public,Rural,5.480627536773682,5.4806275,5.4806275,1.0,5.4806275,1.0,5.4806275
370,370,3,6,13,Health Center,Public,Rural,5.480627536773682,5.4806275,5.4806275,1.0,5.4806275,1.0,5.4806275
371,371,3,6,13,Health Center,Public,Urban,2.248462677001953,2.2484627,2.2484627,0.5,4.4969254,1.0,2.2484627
372,372,3,6,13,Health Post,Public,Urban,2.248462677001953,2.2484627,2.2484627,1.0,2.2484627,1.0,2.2484627
373,373,3,6,13,Health Post,Public,Urban,2.248462677001953,2.2484627,2.2484627,1.0,2.2484627,1.0,2.2484627
374,374,3,6,11,Hospital,Private,Urban,1.7000000476837158,1.7,1.7,1.0,1.7,1.0,1.7
375,375,3,6,11,Hospital,Private,Urban,1.7000000476837158,1.7,1.7,,,1.0,1.7
376,376,3,6,11,Health Center,Public,Urban,1.3333333730697632,1.3333334,1.3333334,0.6666667,2.0,1.0,1.3333334
377,377,3,6,11,Health Center,Public,Urban,1.3333333730697632,1.3333334,1.3333334,0.25,5.3333335,0.7692308,1.7333333
378,378,3,6,11,Health Center,Public,Urban,1.3333333730697632,1.3333334,1.3333334,0.5,2.6666667,1.0,1.3333334
379,379,3,6,11,Health Center,Public,Urban,1.3333333730697632,1.3333334,1.3333334,0.5,2.6666667,0.2857143,4.6666665
380,380,3,6,11,Health Center,Public,Urban,1.3333333730697632,1.3333334,1.3333334,0.33333334,4.0,1.0,1.3333334
381,381,3,6,11,Health Post,Public,Urban,1.3333333730697632,1.3333334,1.3333334,0.5,2.6666667,1.0,1.3333334
382,382,3,6,11,Health Center,Private,Urban,1.7000000476837158,1.7,1.7,0.5,3.4,1.0,1.7
383,383,3,6,11,Health Center,Private,Urban,1.7000000476837158,1.7,1.7,1.0,1.7,1.0,1.7
384,384,3,6,11,Health Center,Private,Urban,1.7000000476837158,1.7,1.7,0.5,3.4,1.0,1.7
385,385,3,6,11,Health Center,Private,Urban,1.7000000476837158,1.7,1.7,0.07330767,23.189934,0.15384616,11.049999
386,386,3,6,11,Health Center,Private,Urban,1.7000000476837158,1.7,1.7,0.33333334,5.1000004,1.0,1.7
387,387,3,6,11,Health Center,Private,Urban,1.7000000476837158,1.7,1.7,1.0,1.7,1.0,1.7
388,388,3,6,11,Health Center,Private,Urban,1.7000000476837158,1.7,1.7,0.25,6.8,0.8333333,2.0400002
389,389,3,6,11,Health Center,Private,Urban,1.7000000476837158,1.7,1.7,1.0,1.7,1.0,1.7
390,390,5,12,23,Hospital,Public,Urban,8.629630088806152,8.62963,8.62963,1.0,8.62963,1.0,8.62963
391,391,5,12,23,Health Post,Public,Rural,20.13580322265625,20.135803,20.135803,1.0,20.135803,1.0,20.135803
392,392,5,12,23,Health Center,Public,Rural,20.13580322265625,20.135803,20.135803,1.0,20.135803,1.0,20.135803
393,393,5,12,23,Health Post,Public,Rural,20.13580322265625,20.135803,20.135803,1.0,20.135803,1.0,20.135803
394,394,5,12,23,Health Post,Public,Rural,20.13580322265625,20.135803,20.135803,1.0,20.135803,1.0,20.135803
395,395,5,12,23,Health Post,Public,Rural,20.13580322265625,20.135803,20.135803,1.0,20.135803,1.0,20.135803
396,396,5,12,23,Health Center,Public,Rural,20.13580322265625,20.135803,20.135803,1.0,20.135803,1.0,20.135803
397,397,5,13,25,Hospital,Public,Urban,1.6945455074310303,1.6945455,1.6945455,1.0,1.6945455,1.0,1.6945455
398,398,5,13,25,Health Center,Public,Urban,1.6945455074310303,1.6945455,1.6945455,1.0,1.6945455,1.0,1.6945455
399,399,5,13,25,Health Center,Private,Urban,3.3890910148620605,3.389091,3.389091,0.5,6.778182,1.0,3.389091
400,400,5,13,25,Health Center,Private,Urban,3.3890910148620605,3.389091,3.389091,1.0,3.389091,1.0,3.389091
401,401,5,13,25,Health Center,Private,Urban,3.3890910148620605,3.389091,3.389091,0.5,6.778182,1.0,3.389091
402,402,5,13,25,Health Center,Public,Rural,4.236363887786865,4.236364,4.236364,0.5,8.472728,1.0,4.236364
403,403,5,13,25,Health Center,Public,Rural,4.236363887786865,4.236364,4.236364,1.0,4.236364,1.0,4.236364
404,404,5,13,25,Health Post,Public,Rural,4.236363887786865,4.236364,4.236364,1.0,4.236364,1.0,4.236364
405,405,5,13,25,Health Center,Public,Rural,4.236363887786865,4.236364,4.236364,0.5,8.472728,1.0,4.236364
406,406,5,13,25,Health Center,Public,Rural,4.236363887786865,4.236364,4.236364,0.5,8.472728,1.0,4.236364
407,407,5,13,25,Health Center,Public,Rural,4.236363887786865,4.236364,4.236364,1.0,4.236364,1.0,4.236364
408,408,5,13,25,Health Center,Public,Rural,4.236363887786865,4.236364,4.236364,1.0,4.236364,1.0,4.236364
409,409,5,13,25,Health Center,Public,Rural,4.236363887786865,4.236364,4.236364,0.5,8.472728,0.6666667,6.3545456
410,410,5,13,24,Health Center,Public,Rural,2.866269588470459,2.8662696,2.8662696,1.0,2.8662696,1.0,2.8662696
411,411,5,13,24,Health Center,Public,Rural,2.866269588470459,2.8662696,2.8662696,1.0,2.8662696,1.0,2.8662696
412,412,5,13,24,Health Center,Private,Rural,2.2190475463867188,2.2190475,2.2190475,0.5,4.438095,1.0,2.2190475
413,413,5,13,24,Health Center,Public,Rural,2.866269588470459,2.8662696,2.8662696,0.5,5.732539,1.0,2.8662696
414,414,5,13,24,Health Center,Public,Rural,2.866269588470459,2.8662696,2.8662696,1.0,2.8662696,1.0,2.8662696
415,415,5,13,24,Health Center,Public,Rural,2.866269588470459,2.8662696,2.8662696,1.0,2.8662696,1.0,2.8662696
416,416,5,13,24,Health Center,Public,Rural,2.866269588470459,2.8662696,2.8662696,1.0,2.8662696,1.0,2.8662696
417,417,5,13,24,Health Center,Public,Rural,2.866269588470459,2.8662696,2.8662696,0.5,5.732539,1.0,2.8662696
418,418,5,13,24,Health Post,Public,Rural,2.866269588470459,2.8662696,2.8662696,1.0,2.8662696,1.0,2.8662696
419,419,5,13,24,Health Center,Public,Rural,2.866269588470459,2.8662696,2.8662696,1.0,2.8662696,1.0,2.8662696
420,420,5,13,24,Health Center,Public,Rural,2.866269588470459,2.8662696,2.8662696,1.0,2.8662696,1.0,2.8662696
421,421,5,13,24,Health Center,Public,Rural,2.866269588470459,2.8662696,2.8662696,1.0,2.8662696,1.0,2.8662696
422,422,5,13,24,Health Center,Public,Rural,2.866269588470459,2.8662696,2.8662696,1.0,2.8662696,1.0,2.8662696
423,423,5,13,24,Health Center,Public,Urban,1.1095237731933594,1.1095238,1.1095238,1.0,1.1095238,1.0,1.1095238
424,424,5,13,24,Health Center,Public,Urban,1.1095237731933594,1.1095238,1.1095238,1.0,1.1095238,1.0,1.1095238
425,425,5,13,24,Health Post,Public,Urban,1.1095237731933594,1.1095238,1.1095238,1.0,1.1095238,1.0,1.1095238
426,426,5,13,24,Hospital,Private,Urban,1.8492062091827393,1.8492062,1.8492062,1.0,1.8492062,0.90909094,2.0341268
427,427,5,13,24,Health Center,Private,Urban,1.8492062091827393,1.8492062,1.8492062,1.0,1.8492062,1.0,1.8492062
428,428,5,13,24,Health Center,Private,Urban,1.8492062091827393,1.8492062,1.8492062,1.0,1.8492062,1.0,1.8492062
429,429,5,13,24,Health Center,Private,Urban,1.8492062091827393,1.8492062,1.8492062,1.0,1.8492062,1.0,1.8492062
430,430,5,13,24,Health Center,Private,Urban,1.8492062091827393,1.8492062,1.8492062,1.0,1.8492062,0.625,2.95873
431,431,5,13,24,Health Center,Private,Urban,1.8492062091827393,1.8492062,1.8492062,0.6666667,2.7738094,1.0,1.8492062
432,432,5,11,22,Hospital,Public,Urban,2.7251462936401367,2.7251463,2.7251463,1.0,2.7251463,0.90909094,2.9976609
433,433,5,11,22,Hospital,Private,Urban,2.7251462936401367,2.7251463,2.7251463,1.0,2.7251463,0.90909094,2.9976609
434,434,5,11,22,Health Center,Public,Rural,7.0853800773620605,7.08538,7.08538,1.0,7.08538,1.0,7.08538
435,435,5,11,22,Health Center,Public,Rural,7.0853800773620605,7.08538,7.08538,1.0,7.08538,1.0,7.08538
436,436,5,11,22,Health Post,Public,Rural,7.0853800773620605,7.08538,7.08538,1.0,7.08538,1.0,7.08538
437,437,5,11,22,Health Center,Public,Rural,7.0853800773620605,7.08538,7.08538,1.0,7.08538,1.0,7.08538
438,438,5,11,22,Health Center,Public,Rural,7.0853800773620605,7.08538,7.08538,1.0,7.08538,1.0,7.08538
439,439,5,11,22,Health Center,Private,Rural,6.3586745262146,6.3586745,6.3586745,1.0,6.3586745,1.0,6.3586745
440,440,5,11,22,Health Center,Private,Rural,6.3586745262146,6.3586745,6.3586745,1.0,6.3586745,1.0,6.3586745
441,441,5,11,22,Health Center,Private,Rural,6.3586745262146,6.3586745,6.3586745,0.6666667,9.538012,1.0,6.3586745
442,442,5,11,21,Health Center,Public,Urban,1.100000023841858,1.1,1.1,1.0,1.1,1.0,1.1
443,443,5,11,21,Health Center,Public,Urban,1.100000023841858,1.1,1.1,0.5,2.2,1.0,1.1
444,444,5,11,21,Health Center,Public,Urban,1.100000023841858,1.1,1.1,1.0,1.1,0.4,2.75
445,445,5,11,21,Health Center,Public,Urban,1.100000023841858,1.1,1.1,0.6666667,1.6500001,0.6,1.8333334
446,446,5,11,21,Health Center,Public,Urban,1.100000023841858,1.1,1.1,1.0,1.1,1.0,1.1
447,447,5,11,21,Health Center,Public,Urban,1.100000023841858,1.1,1.1,0.5,2.2,0.18181819,6.05
448,448,5,11,21,Health Center,Public,Urban,1.100000023841858,1.1,1.1,1.0,1.1,1.0,1.1
449,449,5,11,21,Health Center,Public,Urban,1.100000023841858,1.1,1.1,0.5,2.2,0.6666667,1.6500001
450,450,5,11,21,Health Center,Public,Urban,1.100000023841858,1.1,1.1,0.5,2.2,1.0,1.1
451,451,5,11,21,Health Center,Public,Urban,1.100000023841858,1.1,1.1,0.5,2.2,1.0,1.1
452,452,5,11,21,Hospital,Private,Urban,1.75,1.75,1.75,1.0,1.75,0.7692308,2.2749999
453,453,5,11,21,Health Center,Private,Urban,1.75,1.75,1.75,1.0,1.75,1.0,1.75
454,454,5,11,21,Health Center,Private,Urban,1.75,1.75,1.75,0.4,4.375,0.4347826,4.0250006
455,455,5,11,21,Health Center,Private,Urban,1.75,1.75,1.75,1.0,1.75,1.0,1.75
456,456,5,11,21,Health Center,Private,Urban,1.75,1.75,1.75,1.0,1.75,1.0,1.75
457,457,5,11,21,Health Center,Private,Urban,1.75,1.75,1.75,1.0,1.75,1.0,1.75
458,458,5,11,21,Health Center,Private,Urban,1.75,1.75,1.75,1.0,1.75,1.0,1.75
459,459,5,11,21,Health Center,Private,Urban,1.75,1.75,1.75,0.5,3.5,1.0,1.75
