fac_id,m1saq3,m1saq4,m1saq4a,m1saq6,strata,type,urban,owner_new,finalwt,ipw,absprobsamp,abshwkwt,hhrwt,probvign,hwkvignwt
1,1,1,91,1,2,Health Post,Urban,Public,44.826572,44.826572,1.0,44.826572,44.826572,1.0,44.826572
2,1,1,161,2,3,Health Post,Rural,Public,24.315657,24.315657,1.0,24.315657,24.315657,1.0,24.315657
3,1,1,121,3,3,Health Center,Rural,Private,5.476165,5.476165,1.0,5.476165,5.476165,0.5,10.95233
4,1,1,51,4,3,Health Post,Rural,Public,9.841628,9.841628,1.0,9.841628,9.841628,1.0,9.841628
5,1,1,111,5,3,Health Post,Rural,Public,21.10774,21.10774,1.0,21.10774,21.10774,0.5,42.21548
7,1,1,11,7,3,Health Post,Rural,Public,4.4283915,4.4283915,1.0,4.4283915,4.4283915,1.0,4.4283915
8,1,1,71,8,3,Health Post,Rural,Private,18.159176,18.159176,1.0,18.159176,18.159176,1.0,18.159176
9,1,1,181,9,3,Health Post,Rural,Public,15.260387,15.260387,1.0,15.260387,15.260387,0.5,30.520775
10,1,2,53,10,2,Health Center,Urban,Public,7.4432554,7.4432554,1.0,7.4432554,7.4432554,0.5,14.886511
11,1,2,183,11,3,Health Post,Rural,Public,26.963009,26.963009,1.0,26.963009,26.963009,1.0,26.963009
12,1,2,183,12,3,Health Post,Rural,Public,26.963009,26.963009,1.0,26.963009,26.963009,1.0,26.963009
13,1,2,183,13,2,Health Post,Urban,Public,26.963009,26.963009,1.0,26.963009,26.963009,1.0,26.963009
15,1,2,183,15,3,Health Post,Rural,Public,26.963009,26.963009,1.0,26.963009,26.963009,0.5,53.926018
17,1,2,183,17,3,Health Post,Rural,Public,26.963009,26.963009,1.0,26.963009,26.963009,0.5,53.926018
18,1,3,141,18,3,Health Post,Rural,Public,19.205215,19.205215,1.0,19.205215,19.205215,0.5,38.41043
20,1,3,123,20,2,Health Center,Urban,Public,4.9419336,4.9419336,1.0,4.9419336,4.9419336,1.0,4.9419336
21,1,3,123,21,3,Health Post,Rural,Public,10.229496,10.229496,1.0,10.229496,10.229496,1.0,10.229496
22,1,3,13,22,2,Hospital,Urban,Public,3.3450317,3.3450317,0.083333336,40.14038,8.028076,0.10265616,32.584812
23,1,3,51,23,3,Health Post,Rural,Public,29.542618,29.542618,1.0,29.542618,29.542618,1.0,29.542618
24,1,3,91,24,2,Health Post,Urban,Public,5.061153,5.061153,1.0,5.061153,5.061153,0.6666667,7.591729
25,1,3,91,25,3,Health Post,Rural,Public,21.543827,21.543827,1.0,21.543827,21.543827,1.0,21.543827
26,1,3,81,26,3,Health Post,Rural,Public,35.211956,35.211956,1.0,35.211956,35.211956,1.0,35.211956
28,1,3,111,28,3,Health Post,Rural,Public,16.284851,16.284851,1.0,16.284851,16.284851,1.0,16.284851
29,1,3,133,29,3,Health Post,Rural,Public,5.9430447,5.9430447,1.0,5.9430447,5.9430447,0.5,11.886089
31,1,3,41,31,3,Health Post,Rural,Public,34.62362,34.62362,1.0,34.62362,34.62362,1.0,34.62362
32,1,4,41,32,3,Health Post,Rural,Public,24.618433,24.618433,1.0,24.618433,24.618433,0.33333334,73.8553
33,1,4,11,33,3,Health Center,Rural,Public,8.352174,8.352174,1.0,8.352174,8.352174,0.5,16.704348
34,1,4,181,34,3,Health Post,Rural,Public,41.286903,41.286903,1.0,41.286903,41.286903,0.6666667,61.930355
35,1,4,31,35,2,Health Post,Urban,Public,31.396471,31.396471,1.0,31.396471,31.396471,1.0,31.396471
36,1,4,191,36,3,Health Center,Rural,Public,5.3915195,5.3915195,1.0,5.3915195,5.3915195,0.33333334,16.174559
37,1,4,191,37,3,Health Post,Rural,Public,19.507597,19.507597,1.0,19.507597,19.507597,0.5,39.015194
38,1,4,211,38,3,Health Post,Rural,Public,23.028648,23.028648,1.0,23.028648,23.028648,0.33333334,69.085945
39,1,4,231,39,3,Health Post,Rural,Public,43.929317,43.929317,1.0,43.929317,43.929317,1.0,43.929317
40,1,4,61,40,3,Health Post,Rural,Public,27.370785,27.370785,1.0,27.370785,27.370785,0.5,54.74157
41,1,4,21,41,3,Health Post,Rural,Public,20.677341,20.677341,1.0,20.677341,20.677341,0.33333334,62.032024
42,1,4,999,42,3,Health Post,Rural,Public,41.286903,41.286903,1.0,41.286903,41.286903,1.0,41.286903
43,2,2,41,43,3,Health Post,Rural,Public,44.41133,44.41133,1.0,44.41133,44.41133,1.0,44.41133
44,2,2,91,44,3,Health Post,Rural,Public,181.00179,181.00179,1.0,181.00179,181.00179,0.5,362.00357
45,2,2,91,45,2,Health Post,Urban,Private,60.80146,60.80146,1.0,60.80146,60.80146,1.0,60.80146
46,2,2,121,46,3,Health Post,Rural,Public,22.853552,22.853552,1.0,22.853552,22.853552,1.0,22.853552
47,2,2,171,47,3,Health Center,Rural,Public,9.312339,9.312339,1.0,9.312339,9.312339,0.6666667,13.968508
48,2,2,151,48,3,Health Center,Rural,Public,14.2020235,14.2020235,1.0,14.2020235,14.2020235,0.33333334,42.60607
49,2,2,21,49,3,Health Center,Rural,Public,4.534907,4.534907,1.0,4.534907,4.534907,0.5,9.069814
50,2,2,61,50,3,Health Post,Rural,Public,17.506607,17.506607,1.0,17.506607,17.506607,1.0,17.506607
51,2,4,13,51,3,Health Post,Rural,Public,9.0464525,9.0464525,1.0,9.0464525,9.0464525,0.33333334,27.139359
52,2,4,13,52,2,Health Center,Urban,Public,9.0464525,9.0464525,0.2173913,41.613686,9.0464525,0.3,30.15484
53,2,4,13,53,2,Health Post,Urban,Private,181.00179,181.00179,1.0,181.00179,181.00179,0.5,362.00357
54,2,4,13,54,3,Health Post,Rural,Public,7.2839975,7.2839975,1.0,7.2839975,7.2839975,0.33333334,21.851994
55,2,4,13,55,2,Health Post,Urban,Private,9.0464525,9.0464525,0.8333333,10.855743,9.0464525,1.0,9.0464525
56,3,4,221,56,3,Hospital,Rural,Private,4.166634,4.166634,0.3030303,13.749892,4.166634,0.5,8.333268
57,3,4,251,57,3,Health Center,Rural,Public,6.5057783,6.5057783,1.0,6.5057783,6.5057783,0.5,13.011557
58,3,4,231,58,3,Hospital,Rural,Private,4.111267,4.111267,0.06329114,64.95802,12.991604,0.05847503,70.30808
59,3,4,311,59,3,Hospital,Rural,Private,4.8928094,4.8928094,0.08264463,59.202995,11.840598,0.07635582,64.07906
60,3,4,311,60,3,Health Post,Rural,Public,22.76725,22.76725,1.0,22.76725,22.76725,1.0,22.76725
61,3,4,261,61,3,Health Post,Rural,Public,17.512733,17.512733,1.0,17.512733,17.512733,1.0,17.512733
62,3,4,261,62,3,Health Post,Rural,Private,17.512733,17.512733,1.0,17.512733,17.512733,1.0,17.512733
64,3,4,271,64,3,Health Post,Rural,Private,33.83097,33.83097,1.0,33.83097,33.83097,0.5,67.66194
66,3,4,211,66,3,Health Post,Rural,Public,21.966248,21.966248,1.0,21.966248,21.966248,0.14285715,153.76372
67,3,4,61,67,3,Health Post,Rural,Private,14.806131,14.806131,1.0,14.806131,14.806131,0.5,29.612263
68,3,4,51,68,3,Hospital,Rural,Private,3.465332,3.465332,0.25641027,13.514794,3.465332,0.5,6.930664
69,3,4,21,69,3,Health Post,Rural,Public,15.036248,15.036248,1.0,15.036248,15.036248,1.0,15.036248
70,3,4,21,70,3,Health Center,Rural,Public,7.333636,7.333636,0.5882353,12.46718,7.333636,0.33333334,22.000908
72,3,4,141,72,3,Health Center,Rural,Private,8.149895,8.149895,1.0,8.149895,8.149895,1.0,8.149895
73,3,4,999,73,3,Health Post,Rural,Public,7.333636,7.333636,1.0,7.333636,7.333636,1.0,7.333636
76,3,4,191,76,3,Health Post,Rural,Private,6.9512463,6.9512463,1.0,6.9512463,6.9512463,0.5,13.902493
77,3,4,999,77,3,Health Post,Rural,Public,19.570307,19.570307,1.0,19.570307,19.570307,1.0,19.570307
78,3,6,142,78,3,Health Post,Rural,Public,23.45178,23.45178,1.0,23.45178,23.45178,1.0,23.45178
80,3,6,12,80,2,Health Center,Urban,Private,19.15579,19.15579,1.0,19.15579,19.15579,1.0,19.15579
81,3,6,82,81,3,Health Post,Rural,Public,94.39022,94.39022,1.0,94.39022,94.39022,0.5,188.78044
82,3,6,82,82,2,Health Post,Urban,Private,27.130352,27.130352,0.41666666,65.11285,27.130352,0.2,135.65176
83,3,6,72,83,2,Hospital,Urban,Private,23.124372,23.124372,0.07462686,309.8666,61.97332,0.09193089,251.54085
84,3,6,72,84,2,Health Post,Urban,Public,17.238565,17.238565,1.0,17.238565,17.238565,1.0,17.238565
85,3,6,152,85,3,Health Post,Rural,Public,6.7523365,6.7523365,1.0,6.7523365,6.7523365,0.5,13.504673
86,3,6,42,86,2,Hospital,Urban,Private,13.443168,13.443168,0.3030303,44.362453,13.443168,0.42857143,31.36739
87,3,6,42,87,2,Health Center,Urban,Private,13.443168,13.443168,0.45454547,29.57497,13.443168,0.5,26.886335
88,3,6,52,88,2,Hospital,Urban,Public,33.73371,33.73371,0.02793296,1207.6669,241.53339,0.025807414,1307.1326
89,3,6,52,89,2,Health Center,Urban,Private,4.851989,4.851989,0.5882353,8.248381,4.851989,0.6666667,7.277983
90,3,6,52,90,2,Health Center,Urban,Public,94.39022,94.39022,0.23809524,396.4389,94.39022,0.16666667,566.3413
91,3,6,22,91,2,Health Post,Urban,Public,5.960124,5.960124,0.90909094,6.5561366,5.960124,1.0,5.960124
92,3,1,123,92,2,Hospital,Urban,Private,5.960124,5.960124,0.05050505,118.01046,23.602093,0.062215853,95.797516
93,3,6,62,93,2,Health Post,Urban,Public,27.427555,27.427555,1.0,27.427555,27.427555,0.5,54.85511
94,3,6,62,94,2,Health Post,Urban,Private,27.427555,27.427555,1.0,27.427555,27.427555,0.33333334,82.28267
95,4,1,12,95,2,Hospital,Urban,Public,1.1490616,1.1490616,0.078125,14.707988,2.9415977,0.09624015,11.939524
96,4,1,12,96,2,Health Post,Urban,Private,5.144291,5.144291,1.0,5.144291,5.144291,1.0,5.144291
97,4,1,12,97,3,Health Post,Rural,Public,5.144291,5.144291,1.0,5.144291,5.144291,0.5,10.288582
98,4,1,243,98,3,Health Post,Rural,Private,4.452216,4.452216,1.0,4.452216,4.452216,0.5,8.904432
99,4,1,243,99,3,Health Center,Rural,Public,6.326156,6.326156,0.625,10.12185,6.326156,0.5,12.652312
100,4,1,53,100,3,Health Center,Rural,Public,6.820906,6.820906,0.90909094,7.502997,6.820906,0.33333334,20.462719
101,4,1,53,101,3,Health Post,Rural,Private,5.647542,5.647542,1.0,5.647542,5.647542,0.5,11.295084
102,4,2,62,102,2,Health Post,Urban,Private,3.9285681,3.9285681,0.7692308,5.107138,3.9285681,0.33333334,11.785705
103,4,2,153,103,3,Health Post,Rural,Public,20.071842,20.071842,1.0,20.071842,20.071842,1.0,20.071842
104,4,2,153,104,3,Health Post,Rural,Public,20.071842,20.071842,1.0,20.071842,20.071842,0.5,40.143684
105,4,2,63,105,2,Health Post,Urban,Public,15.934087,15.934087,1.0,15.934087,15.934087,1.0,15.934087
106,4,2,133,106,2,Health Center,Urban,Public,10.793801,10.793801,0.37037036,29.143265,10.793801,0.125,86.35041
107,4,2,22,107,2,Health Post,Urban,Public,34.801178,34.801178,1.0,34.801178,34.801178,0.5,69.602356
108,4,2,52,108,2,Hospital,Urban,Private,25.211916,25.211916,0.3125,80.67813,25.211916,0.5,50.423832
110,4,6,191,110,3,Health Post,Rural,Public,20.32098,20.32098,1.0,20.32098,20.32098,0.6666667,30.48147
111,4,6,171,111,3,Health Post,Rural,Public,19.432507,19.432507,1.0,19.432507,19.432507,1.0,19.432507
112,4,6,201,112,3,Health Post,Rural,Public,39.650135,39.650135,1.0,39.650135,39.650135,0.5,79.30027
113,4,6,151,113,3,Health Post,Rural,Public,50.00973,50.00973,1.0,50.00973,50.00973,1.0,50.00973
114,4,6,111,114,3,Health Post,Rural,Public,35.464397,35.464397,1.0,35.464397,35.464397,1.0,35.464397
115,4,6,181,115,2,Health Center,Urban,Public,4.500428,4.500428,0.71428573,6.3005996,4.500428,0.25,18.001713
116,4,6,11,116,3,Health Post,Rural,Public,22.91404,22.91404,1.0,22.91404,22.91404,0.25,91.65616
117,4,6,101,117,3,Hospital,Rural,Private,3.4390917,3.4390917,0.21276596,16.16373,3.4390917,0.5,6.8781834
118,5,2,223,118,3,Health Post,Rural,Private,21.205023,21.205023,1.0,21.205023,21.205023,1.0,21.205023
120,5,2,143,120,3,Health Post,Rural,Public,10.96493,10.96493,,,,,
121,6,1,211,121,3,Health Post,Rural,Public,49.297436,49.297436,1.0,49.297436,49.297436,1.0,49.297436
122,6,1,71,122,3,Health Post,Rural,Public,38.52679,38.52679,1.0,38.52679,38.52679,0.5,77.05358
123,6,1,41,123,3,Health Post,Rural,Private,46.638382,46.638382,1.0,46.638382,46.638382,0.5,93.276764
124,6,1,91,124,2,Health Post,Urban,Public,33.94296,33.94296,1.0,33.94296,33.94296,1.0,33.94296
125,6,1,999,125,3,Health Post,Rural,Public,42.347416,42.347416,1.0,42.347416,42.347416,1.0,42.347416
126,6,1,999,126,3,Health Post,Rural,Public,13.763652,13.763652,1.0,13.763652,13.763652,1.0,13.763652
128,6,2,41,128,3,Health Post,Rural,Public,88.005516,88.005516,1.0,88.005516,88.005516,0.5,176.01103
129,6,3,91,129,3,Health Post,Rural,Public,39.23787,39.23787,1.0,39.23787,39.23787,0.33333334,117.71361
130,6,3,999,130,3,Health Post,Rural,Public,13.763652,13.763652,1.0,13.763652,13.763652,0.5,27.527304
131,6,3,999,131,3,Health Center,Rural,Public,12.254428,12.254428,0.7692308,15.930756,12.254428,0.33333334,36.763283
132,7,1,182,132,1,Health Post,Urban,Public,6.802102,6.802102,0.8333333,8.162523,6.802102,0.6666667,10.203154
133,7,1,272,133,1,Health Post,Urban,Private,9.199588,9.199588,1.0,9.199588,9.199588,0.33333334,27.598763
135,7,1,152,135,1,Health Post,Urban,Private,15.771024,15.771024,0.71428573,22.079433,15.771024,0.2,78.85512
136,7,1,132,136,1,Health Post,Urban,Public,10.638686,10.638686,1.0,10.638686,10.638686,0.33333334,31.916058
138,7,1,232,138,1,Hospital,Urban,Private,2.485497,2.485497,0.4,6.2137423,2.485497,0.16666667,14.912982
139,7,1,242,139,1,Health Post,Urban,Private,8.471755,8.471755,1.0,8.471755,8.471755,0.5,16.94351
140,7,1,162,140,1,Health Post,Urban,Public,16.840921,16.840921,1.0,16.840921,16.840921,0.6666667,25.261383
142,7,1,102,142,1,Health Post,Rural,Private,5.177297,5.177297,1.0,5.177297,5.177297,0.33333334,15.531891
143,7,1,12,143,1,Health Center,Urban,Private,9.199588,9.199588,1.0,9.199588,9.199588,0.25,36.79835
145,7,1,22,145,1,Health Center,Urban,Private,1.0103003,1.0103003,0.47619048,2.1216304,1.0103003,0.2,5.0515013
146,7,1,22,146,1,Health Post,Urban,Private,2.7487025,2.7487025,1.0,2.7487025,2.7487025,0.5,5.497405
147,7,1,112,147,1,Health Center,Urban,Private,11.138157,11.138157,1.0,11.138157,11.138157,0.5,22.276314
148,7,1,172,148,1,Hospital,Urban,Private,4.9606705,4.9606705,0.11111111,44.646034,8.929207,0.10265616,48.323166
149,7,1,172,149,1,Health Center,Urban,Private,3.0870361,3.0870361,0.2,15.435181,3.0870361,0.5,6.1740723
150,7,1,151,150,1,Hospital,Urban,Private,2.5796673,2.5796673,1.0,2.5796673,2.5796673,1.0,2.5796673
151,7,1,151,151,1,Health Center,Urban,Private,4.001437,4.001437,0.5,8.002874,4.001437,0.33333334,12.004312
152,7,1,62,152,1,Hospital,Urban,Public,2.6060596,2.6060596,0.025510205,102.157524,20.431507,0.05499437,47.387753
153,7,1,62,153,1,Health Post,Rural,Public,4.8857317,4.8857317,0.8333333,5.8628783,4.8857317,0.33333334,14.657195
154,7,1,52,154,1,Hospital,Urban,Public,2.8577318,2.8577318,0.017513135,163.17648,32.635296,0.0053934935,529.848
156,7,1,32,156,1,Health Center,Urban,Public,1.477885,1.477885,0.10638298,13.892118,2.7784238,0.09828781,15.036299
157,7,1,222,157,1,Health Post,Urban,Private,15.771024,15.771024,1.0,15.771024,15.771024,1.0,15.771024
159,7,1,122,159,1,Hospital,Urban,Private,6.518666,6.518666,0.33333334,19.555998,6.518666,0.2857143,22.815329
160,7,1,122,160,1,Health Center,Urban,Private,1.1435333,1.1435333,0.45454547,2.5157735,1.1435333,0.125,9.148267
170,7,1,999,170,1,Health Post,Urban,Private,15.771024,15.771024,0.7692308,20.50233,15.771024,0.33333334,47.313072
171,7,1,999,171,1,Health Post,Urban,Private,18.219748,18.219748,0.90909094,20.041723,18.219748,0.33333334,54.65924
172,7,1,999,172,1,Health Post,Urban,Private,9.199588,9.199588,1.0,9.199588,9.199588,0.5,18.399176
174,7,2,102,174,1,Health Post,Urban,Private,6.989478,6.989478,0.71428573,9.785269,6.989478,0.33333334,20.968433
175,7,2,102,175,1,Health Center,Urban,Private,1.8149754,1.8149754,1.0,1.8149754,1.8149754,0.6666667,2.7224631
176,7,2,102,176,1,Health Center,Urban,Public,9.425894,9.425894,0.11627907,81.06268,16.212538,0.10743087,87.73916
177,7,2,132,177,1,Health Post,Urban,Public,15.642442,15.642442,0.8333333,18.770931,15.642442,0.5,31.284883
178,7,2,132,178,1,Health Post,Urban,Private,15.642442,15.642442,0.625,25.027906,15.642442,0.5,31.284883
180,7,2,122,180,1,Health Center,Urban,Private,1.8148983,1.8148983,0.18867925,9.61896,1.9237921,0.11621452,15.616794
181,7,2,122,181,1,Hospital,Urban,Private,6.3069363,6.3069363,0.41666666,15.136647,6.3069363,0.25,25.227745
185,7,2,142,185,1,Health Center,Urban,Private,7.710047,7.710047,0.15384616,50.1153,10.023061,0.1421393,54.24289
188,7,2,212,188,1,Health Post,Urban,Private,7.111899,7.111899,1.0,7.111899,7.111899,0.5,14.223798
189,7,2,212,189,1,Health Center,Urban,Private,7.111899,7.111899,0.5555556,12.801417,7.111899,0.25,28.447596
190,7,2,182,190,1,Hospital,Urban,Private,11.688348,11.688348,0.08695652,134.416,26.883202,0.026779868,436.46027
191,7,2,182,191,1,Health Post,Urban,Public,16.881351,16.881351,1.0,16.881351,16.881351,0.5,33.762703
192,7,2,192,192,1,Health Post,Urban,Private,5.063186,5.063186,1.0,5.063186,5.063186,1.0,5.063186
194,7,2,32,194,1,Health Post,Urban,Public,4.745944,4.745944,1.0,4.745944,4.745944,0.5,9.491888
195,7,2,22,195,1,Health Post,Urban,Public,4.697929,4.697929,0.37037036,12.684408,4.697929,0.25,18.791716
197,7,2,12,197,1,Health Post,Urban,Private,6.3993316,6.3993316,1.0,6.3993316,6.3993316,1.0,6.3993316
198,7,2,12,198,1,Hospital,Urban,Private,9.425894,9.425894,0.32258064,29.220272,9.425894,0.06666667,141.3884
199,7,2,12,199,1,Health Post,Urban,Public,6.3993316,6.3993316,0.90909094,7.0392647,6.3993316,0.2,31.996658
200,7,2,172,200,1,Hospital,Urban,Private,6.3069363,6.3069363,0.14285715,44.148552,8.829711,0.08799099,71.67706
201,7,2,172,201,1,Health Post,Urban,Private,6.8201113,6.8201113,1.0,6.8201113,6.8201113,0.5,13.640223
204,7,2,82,204,1,Health Post,Urban,Public,4.3420253,4.3420253,0.27027026,16.065495,4.3420253,0.33333334,13.026075
205,7,2,999,205,1,Health Post,Urban,Private,6.077895,6.077895,1.0,6.077895,6.077895,1.0,6.077895
206,7,2,999,206,1,Health Post,Urban,Private,7.906569,7.906569,1.0,7.906569,7.906569,0.5,15.813138
207,7,2,999,207,1,Health Center,Urban,Private,6.5909204,6.5909204,0.71428573,9.227288,6.5909204,0.25,26.363682
208,7,2,999,208,1,Health Post,Urban,Private,7.053578,7.053578,0.45454547,15.517872,7.053578,0.6666667,10.580367
209,7,3,102,209,1,Health Post,Urban,Private,2.2777817,2.2777817,1.0,2.2777817,2.2777817,0.33333334,6.8333454
210,7,3,102,210,1,Health Post,Urban,Public,2.2777817,2.2777817,1.0,2.2777817,2.2777817,0.5,4.5555634
211,7,3,12,211,1,Health Center,Urban,Public,2.1004398,2.1004398,0.14285715,14.703077,2.9406157,0.08799099,23.871077
212,7,3,12,212,1,Health Center,Urban,Public,2.1004398,2.1004398,0.22222222,9.451979,2.1004398,0.35714287,5.8812313
213,7,3,42,213,1,Health Post,Rural,Public,7.082772,7.082772,1.0,7.082772,7.082772,1.0,7.082772
214,7,3,162,214,1,Health Center,Urban,Public,1.2227507,1.2227507,,,,,
215,7,3,222,215,1,Health Post,Urban,Public,1.0892135,1.0892135,0.45454547,2.3962698,1.0892135,0.375,2.9045694
217,7,3,122,217,1,Health Center,Urban,Private,1.2293241,1.2293241,0.3030303,4.0567694,1.2293241,0.3,4.097747
218,7,3,122,218,1,Health Post,Urban,Public,5.2422924,5.2422924,0.90909094,5.766522,5.2422924,0.2,26.211462
219,7,3,242,219,1,Health Post,Urban,Private,6.266359,6.266359,1.0,6.266359,6.266359,1.0,6.266359
220,7,3,142,220,1,Health Post,Urban,Private,9.176108,9.176108,0.90909094,10.0937195,9.176108,1.0,9.176108
221,7,3,232,221,1,Health Post,Urban,Public,11.688348,11.688348,0.90909094,12.8571825,11.688348,0.2,58.44174
222,7,3,192,222,1,Health Post,Urban,Private,1.0339302,1.0339302,0.8333333,1.2407162,1.0339302,0.25,4.1357207
223,7,3,52,223,1,Health Post,Urban,Public,10.590664,10.590664,1.0,10.590664,10.590664,0.33333334,31.771992
224,7,3,182,224,1,Health Center,Urban,Private,1.1001346,1.1001346,0.5263158,2.0902557,1.1001346,0.5,2.2002692
225,7,3,182,225,1,Health Center,Urban,Private,2.3456903,2.3456903,0.4347826,5.395088,2.3456903,0.2,11.728451
226,7,3,182,226,1,Hospital,Urban,Private,1.4597291,1.4597291,0.5555556,2.6275122,1.4597291,0.5,2.9194582
227,7,3,132,227,1,Health Center,Urban,Private,1.2296044,1.2296044,0.5,2.4592087,1.2296044,0.33333334,3.6888132
230,7,3,22,230,1,Hospital,Urban,Public,2.490295,2.490295,0.11111111,22.412655,4.4825306,0.06843744,36.3879
231,7,3,999,231,1,Hospital,Urban,Public,6.8428845,6.8428845,0.01980198,345.56567,69.11314,0.0426887,160.29732
232,7,3,999,232,1,Health Post,Urban,Private,9.176108,9.176108,1.0,9.176108,9.176108,0.5,18.352217
233,7,3,999,233,1,Health Post,Urban,Private,9.176108,9.176108,1.0,9.176108,9.176108,0.5,18.352217
234,7,3,999,234,1,Health Post,Urban,Private,9.176108,9.176108,1.0,9.176108,9.176108,1.0,9.176108
237,7,3,999,237,1,Health Post,Urban,Public,11.688348,11.688348,1.0,11.688348,11.688348,0.5,23.376696
238,7,3,999,238,1,Health Post,Rural,Public,2.2777817,2.2777817,1.0,2.2777817,2.2777817,1.0,2.2777817
240,7,3,999,240,1,Health Post,Urban,Private,17.689531,17.689531,1.0,17.689531,17.689531,1.0,17.689531
242,8,3,12,242,2,Health Post,Urban,Public,10.606131,10.606131,1.0,10.606131,10.606131,0.33333334,31.818392
243,9,3,143,243,3,Health Post,Rural,Public,4.629966,4.629966,1.0,4.629966,4.629966,0.5,9.259932
244,9,3,53,244,3,Health Center,Rural,Public,11.584393,11.584393,1.0,11.584393,11.584393,0.33333334,34.753178
245,9,3,53,245,3,Health Post,Rural,Public,8.733109,8.733109,1.0,8.733109,8.733109,0.5,17.466219
246,9,3,63,246,2,Health Post,Urban,Public,5.6661663,5.6661663,1.0,5.6661663,5.6661663,1.0,5.6661663
248,9,3,183,248,3,Health Center,Rural,Public,7.8187714,7.8187714,1.0,7.8187714,7.8187714,0.5,15.637543
249,9,6,81,249,3,Health Post,Rural,Public,57.939518,57.939518,1.0,57.939518,57.939518,0.5,115.879036
250,9,6,101,250,3,Health Post,Rural,Public,35.60963,35.60963,1.0,35.60963,35.60963,1.0,35.60963
251,9,6,21,251,2,Health Center,Urban,Public,8.629592,8.629592,0.10309278,83.70704,16.74141,0.095247984,90.60131
252,9,6,111,252,3,Health Center,Rural,Public,14.794533,14.794533,0.7692308,19.232891,14.794533,0.5,29.589066
253,9,6,141,253,3,Health Post,Rural,Public,57.422848,57.422848,1.0,57.422848,57.422848,1.0,57.422848
254,10,1,333,254,2,Hospital,Urban,Public,9.518762,9.518762,0.20408164,46.64193,9.518762,0.25,38.075047
255,10,3,33,255,3,Health Center,Rural,Private,6.139655,6.139655,0.5,12.27931,6.139655,1.0,6.139655
256,10,3,33,256,3,Health Post,Rural,Public,8.64192,8.64192,1.0,8.64192,8.64192,0.5,17.28384
257,10,3,283,257,3,Health Post,Rural,Private,7.4869924,7.4869924,1.0,7.4869924,7.4869924,1.0,7.4869924
259,10,3,63,259,2,Health Post,Urban,Public,5.8583207,5.8583207,1.0,5.8583207,5.8583207,1.0,5.8583207
260,10,5,31,260,3,Health Post,Rural,Public,55.132706,55.132706,1.0,55.132706,55.132706,0.5,110.26541
261,10,5,999,261,3,Health Post,Rural,Public,40.32401,40.32401,1.0,40.32401,40.32401,0.6666667,60.486015
263,10,5,51,263,3,Health Post,Rural,Public,50.186787,50.186787,1.0,50.186787,50.186787,1.0,50.186787
264,10,5,61,264,3,Health Post,Rural,Public,62.999638,62.999638,1.0,62.999638,62.999638,0.6666667,94.49946
265,12,1,83,265,3,Health Post,Rural,Public,12.97123,12.97123,1.0,12.97123,12.97123,1.0,12.97123
266,12,1,183,266,2,Hospital,Urban,Private,6.3213916,6.3213916,0.07874016,80.28167,16.056335,0.024249487,260.68146
267,12,2,41,267,3,Health Post,Rural,Public,23.896334,23.896334,1.0,23.896334,23.896334,1.0,23.896334
268,12,2,61,268,3,Health Center,Rural,Public,23.896334,23.896334,0.5,47.792667,23.896334,0.5,47.792667
269,12,2,161,269,2,Health Center,Urban,Public,11.258144,11.258144,0.4,28.14536,11.258144,0.09090909,123.839584
270,12,2,161,270,3,Health Post,Rural,Public,27.156141,27.156141,1.0,27.156141,27.156141,0.33333334,81.46842
271,12,2,141,271,3,Health Post,Rural,Public,19.40723,19.40723,1.0,19.40723,19.40723,0.5,38.81446
272,12,2,999,272,3,Health Post,Rural,Public,6.244349,6.244349,1.0,6.244349,6.244349,0.5,12.488698
273,12,3,143,273,3,Health Center,Rural,Public,9.671159,9.671159,0.24390244,39.65175,9.671159,0.8,12.088948
274,12,3,143,274,2,Health Post,Urban,Private,6.8433,6.8433,1.0,6.8433,6.8433,0.6666667,10.26495
276,12,4,352,276,2,Health Center,Urban,Private,13.730284,13.730284,0.7692308,17.84937,13.730284,1.0,13.730284
277,12,4,312,277,3,Health Post,Rural,Public,14.473795,14.473795,1.0,14.473795,14.473795,1.0,14.473795
278,12,4,372,278,2,Hospital,Urban,Public,6.397123,6.397123,0.041152265,155.45007,31.090017,0.0380208,168.25323
279,12,5,101,279,3,Health Post,Rural,Private,59.856133,59.856133,1.0,59.856133,59.856133,0.33333334,179.56839
280,12,5,111,280,3,Hospital,Rural,Private,11.482809,11.482809,0.125,91.86247,18.372494,0.076992124,149.14264
281,12,5,71,281,3,Health Post,Rural,Public,40.927044,40.927044,1.0,40.927044,40.927044,0.5,81.85409
282,12,5,81,282,3,Health Post,Rural,Public,95.05072,95.05072,1.0,95.05072,95.05072,1.0,95.05072
284,12,6,131,284,3,Health Post,Rural,Public,12.263812,12.263812,1.0,12.263812,12.263812,1.0,12.263812
285,12,6,121,285,3,Hospital,Rural,Private,3.6237001,3.6237001,0.10204082,35.51226,7.1024523,0.031425357,115.31134
286,12,6,11,286,3,Health Post,Rural,Public,23.388535,23.388535,1.0,23.388535,23.388535,1.0,23.388535
288,12,6,51,288,3,Health Post,Rural,Private,15.831817,15.831817,1.0,15.831817,15.831817,0.5,31.663633
289,12,6,31,289,3,Health Post,Rural,Public,10.653829,10.653829,1.0,10.653829,10.653829,1.0,10.653829
290,12,6,81,290,3,Health Center,Rural,Public,4.742008,4.742008,1.0,4.742008,4.742008,0.5,9.484016
291,12,6,111,291,3,Health Post,Rural,Public,33.51026,33.51026,1.0,33.51026,33.51026,0.5,67.02052
292,12,6,111,292,3,Health Post,Rural,Public,21.157373,21.157373,1.0,21.157373,21.157373,0.5,42.314747
293,12,6,91,293,3,Health Post,Rural,Public,20.485653,20.485653,1.0,20.485653,20.485653,1.0,20.485653
294,12,6,71,294,2,Health Center,Urban,Public,45.529366,45.529366,0.2173913,209.4351,45.529366,0.16666667,273.1762
296,12,6,999,296,3,Health Post,Rural,Public,19.350002,19.350002,1.0,19.350002,19.350002,0.5,38.700005
297,13,2,91,297,3,Health Post,Rural,Public,15.764917,15.764917,1.0,15.764917,15.764917,1.0,15.764917
298,13,2,181,298,3,Health Post,Rural,Public,16.567352,16.567352,1.0,16.567352,16.567352,0.5,33.134705
299,13,2,101,299,3,Health Post,Rural,Public,32.109337,32.109337,1.0,32.109337,32.109337,1.0,32.109337
300,13,2,101,300,3,Health Center,Rural,Public,15.771322,15.771322,0.8333333,18.925587,15.771322,0.33333334,47.313965
301,13,2,999,301,3,Hospital,Rural,Private,8.934865,8.934865,0.052083332,171.54941,34.309883,0.048120074,185.67853
303,13,2,191,303,3,Hospital,Rural,Private,3.4855454,3.4855454,0.06329114,55.071617,11.014323,0.05847503,59.607414
304,13,2,191,304,3,Health Post,Rural,Public,18.001352,18.001352,1.0,18.001352,18.001352,1.0,18.001352
305,13,2,251,305,3,Health Post,Rural,Public,25.733582,25.733582,1.0,25.733582,25.733582,1.0,25.733582
306,13,2,41,306,3,Health Post,Rural,Private,7.3573313,7.3573313,1.0,7.3573313,7.3573313,1.0,7.3573313
307,13,3,183,307,3,Health Post,Rural,Public,13.44988,13.44988,1.0,13.44988,13.44988,0.5,26.89976
310,13,3,283,310,3,Health Post,Rural,Private,4.5850277,4.5850277,1.0,4.5850277,4.5850277,0.6666667,6.8775415
311,13,3,23,311,2,Hospital,Urban,Private,6.360852,6.360852,0.2631579,24.171236,6.360852,0.14285715,44.52596
312,15,3,61,312,3,Health Post,Rural,Public,21.437988,21.437988,1.0,21.437988,21.437988,0.5,42.875977
314,15,3,91,314,3,Health Post,Rural,Public,46.596786,46.596786,1.0,46.596786,46.596786,1.0,46.596786
315,15,3,71,315,3,Health Center,Rural,Public,5.4433427,5.4433427,1.0,5.4433427,5.4433427,0.5,10.886685
316,15,3,141,316,3,Health Post,Rural,Public,47.03382,47.03382,1.0,47.03382,47.03382,0.5,94.06764
317,15,3,21,317,3,Health Post,Rural,Public,15.617572,15.617572,1.0,15.617572,15.617572,0.5,31.235144
318,15,3,81,318,3,Health Post,Rural,Public,17.420918,17.420918,1.0,17.420918,17.420918,0.5,34.841835
319,15,4,131,319,3,Health Post,Rural,Public,25.519234,25.519234,0.5,51.038467,25.519234,0.5,51.038467
320,15,4,42,320,3,Hospital,Rural,Private,7.23764,7.23764,0.11111111,65.138756,13.027751,0.06843744,105.755554
321,15,4,42,321,2,Health Center,Urban,Private,11.510201,11.510201,0.71428573,16.114283,11.510201,0.5,23.020403
322,15,4,42,322,3,Health Post,Rural,Private,19.06033,19.06033,0.5263158,36.214626,19.06033,0.33333334,57.18099
323,15,4,42,323,2,Health Post,Urban,Private,19.06033,19.06033,1.0,19.06033,19.06033,0.5,38.12066
324,15,4,62,324,2,Health Post,Urban,Public,12.696186,12.696186,1.0,12.696186,12.696186,1.0,12.696186
325,15,4,62,325,2,Health Center,Urban,Private,9.020011,9.020011,0.8333333,10.824014,9.020011,0.5,18.040022
326,15,4,62,326,2,Health Post,Urban,Private,12.696186,12.696186,1.0,12.696186,12.696186,0.5,25.392372
327,15,4,22,327,2,Health Center,Urban,Public,15.707269,15.707269,0.16129032,97.38507,19.477013,0.149017,105.405876
329,15,4,22,329,2,Health Post,Urban,Public,29.261765,29.261765,0.7692308,38.04029,29.261765,0.33333334,87.78529
330,15,4,91,330,2,Health Post,Urban,Public,36.396618,36.396618,1.0,36.396618,36.396618,1.0,36.396618
331,15,4,71,331,3,Health Post,Rural,Public,21.453096,21.453096,1.0,21.453096,21.453096,0.5,42.906193
332,15,4,101,332,3,Health Post,Rural,Private,27.553595,27.553595,1.0,27.553595,27.553595,1.0,27.553595
333,15,4,101,333,2,Health Post,Urban,Public,27.553595,27.553595,1.0,27.553595,27.553595,1.0,27.553595
334,16,3,133,334,3,Health Center,Rural,Public,7.8263693,7.8263693,0.5,15.652739,7.8263693,0.22222222,35.218662
335,16,3,103,335,3,Health Post,Rural,Private,14.881404,14.881404,1.0,14.881404,14.881404,0.2,74.40702
336,16,3,103,336,3,Health Post,Rural,Public,14.881404,14.881404,1.0,14.881404,14.881404,0.33333334,44.64421
337,16,4,172,337,2,Health Post,Urban,Public,9.432588,9.432588,1.0,9.432588,9.432588,1.0,9.432588
338,16,4,42,338,2,Health Post,Urban,Public,17.598972,17.598972,1.0,17.598972,17.598972,1.0,17.598972
339,16,4,142,339,2,Hospital,Urban,Public,24.824032,24.824032,0.13333334,186.18022,37.236046,0.12318739,201.51439
340,16,4,12,340,2,Health Center,Urban,Public,6.979308,6.979308,0.4,17.44827,6.979308,0.5,13.958616
341,16,4,72,341,2,Health Center,Urban,Private,14.060628,14.060628,0.20833333,67.49102,14.060628,0.2857143,49.212193
342,16,4,192,342,2,Hospital,Urban,Public,24.824032,24.824032,0.1923077,129.08496,25.816994,0.05922471,419.1499
343,16,4,22,343,2,Health Post,Urban,Private,3.514964,3.514964,1.0,3.514964,3.514964,0.33333334,10.544892
344,16,4,162,344,2,Health Post,Urban,Public,3.5301175,3.5301175,1.0,3.5301175,3.5301175,0.5,7.060235
346,16,4,182,346,2,Health Post,Urban,Private,8.863527,8.863527,0.6666667,13.295291,8.863527,0.33333334,26.590582
347,16,4,182,347,2,Health Post,Urban,Public,8.863527,8.863527,1.0,8.863527,8.863527,1.0,8.863527
348,16,4,182,348,2,Health Post,Urban,Private,8.863527,8.863527,1.0,8.863527,8.863527,1.0,8.863527
349,16,4,152,349,3,Health Post,Rural,Private,6.3411007,6.3411007,1.0,6.3411007,6.3411007,0.5,12.682201
350,16,4,132,350,2,Health Post,Urban,Public,10.75098,10.75098,1.0,10.75098,10.75098,1.0,10.75098
352,17,1,81,352,2,Health Post,Urban,Public,14.761326,14.761326,1.0,14.761326,14.761326,0.5,29.522652
353,17,1,151,353,3,Health Post,Rural,Public,26.39875,26.39875,1.0,26.39875,26.39875,0.5,52.7975
354,17,1,21,354,3,Health Center,Rural,Public,8.856397,8.856397,1.0,8.856397,8.856397,0.14285715,61.994774
355,17,1,201,355,3,Health Post,Rural,Public,19.22297,19.22297,1.0,19.22297,19.22297,1.0,19.22297
356,17,1,71,356,3,Health Post,Rural,Public,20.002611,20.002611,1.0,20.002611,20.002611,0.5,40.005222
357,17,1,51,357,3,Health Center,Rural,Public,4.4790454,4.4790454,1.0,4.4790454,4.4790454,0.25,17.916182
358,17,1,41,358,3,Health Post,Rural,Public,9.194145,9.194145,1.0,9.194145,9.194145,0.5,18.38829
359,17,1,91,359,3,Health Post,Rural,Public,9.219928,9.219928,1.0,9.219928,9.219928,0.5,18.439856
360,17,1,191,360,3,Health Center,Rural,Public,7.8347588,7.8347588,1.0,7.8347588,7.8347588,0.5,15.6695175
361,17,3,41,361,3,Health Post,Rural,Public,10.160991,10.160991,1.0,10.160991,10.160991,0.5,20.321981
362,17,3,41,362,3,Health Post,Rural,Public,36.764484,36.764484,0.5,73.52897,36.764484,0.33333334,110.29346
363,17,3,51,363,3,Health Post,Rural,Public,39.06844,39.06844,1.0,39.06844,39.06844,0.5,78.13688
364,17,3,231,364,3,Health Post,Rural,Public,4.37269,4.37269,1.0,4.37269,4.37269,0.5,8.74538
365,17,3,211,365,3,Health Post,Rural,Public,49.61007,49.61007,1.0,49.61007,49.61007,1.0,49.61007
366,17,3,71,366,3,Health Post,Rural,Public,19.421038,19.421038,1.0,19.421038,19.421038,0.5,38.842075
367,17,3,221,367,3,Health Post,Rural,Public,15.814888,15.814888,1.0,15.814888,15.814888,0.33333334,47.444664
368,17,3,81,368,3,Health Center,Rural,Public,6.283825,6.283825,0.8333333,7.5405903,6.283825,0.33333334,18.851475
369,17,3,151,369,3,Health Center,Rural,Public,9.78133,9.78133,0.90909094,10.759463,9.78133,0.16666667,58.68798
370,17,3,91,370,3,Health Post,Rural,Private,17.649206,17.649206,0.8,22.061508,17.649206,0.25,70.596825
371,17,3,63,371,2,Health Center,Urban,Private,18.454042,18.454042,0.6666667,27.681065,18.454042,0.5,36.908085
372,17,3,63,372,3,Health Post,Rural,Private,18.454042,18.454042,0.90909094,20.299448,18.454042,0.25,73.81617
373,17,3,63,373,2,Health Center,Urban,Public,12.88381,12.88381,0.5555556,23.190857,12.88381,0.4,32.209526
375,17,4,23,375,3,Health Post,Rural,Public,3.2838478,3.2838478,0.7692308,4.269002,3.2838478,1.0,3.2838478
376,17,4,23,376,3,Health Post,Rural,Public,26.652794,26.652794,1.0,26.652794,26.652794,0.6666667,39.97919
377,17,4,152,377,2,Health Post,Urban,Private,26.652794,26.652794,0.4,66.63199,26.652794,0.6666667,39.97919
378,17,4,152,378,2,Health Post,Urban,Private,18.454042,18.454042,1.0,18.454042,18.454042,1.0,18.454042
379,17,4,83,379,2,Hospital,Urban,Public,5.242757,5.242757,0.14285715,36.699295,7.3398595,0.39595947,13.240641
380,17,4,93,380,2,Health Post,Urban,Private,3.889232,3.889232,0.7692308,5.056001,3.889232,0.6666667,5.833848
381,17,4,53,381,3,Health Post,Rural,Public,6.5344353,6.5344353,0.625,10.455096,6.5344353,0.33333334,19.603306
382,17,4,343,382,3,Health Post,Rural,Public,6.2401648,6.2401648,0.47619048,13.104345,6.2401648,0.16666667,37.440987
383,17,7,91,383,2,Health Post,Urban,Public,48.05618,48.05618,0.8333333,57.667416,48.05618,0.25,192.22472
384,17,7,21,384,2,Hospital,Urban,Private,4.3748355,4.3748355,0.1,43.748356,8.749671,0.061593696,71.02733
385,18,3,281,385,3,Health Post,Rural,Public,7.276817,7.276817,1.0,7.276817,7.276817,0.33333334,21.83045
386,18,3,999,386,3,Health Post,Rural,Public,10.591891,10.591891,1.0,10.591891,10.591891,0.5,21.183783
387,18,3,51,387,3,Health Post,Rural,Public,21.119751,21.119751,1.0,21.119751,21.119751,0.5,42.239502
388,18,3,71,388,3,Health Post,Rural,Public,22.383404,22.383404,1.0,22.383404,22.383404,0.5,44.766808
389,18,3,331,389,3,Health Center,Rural,Public,10.591891,10.591891,0.625,16.947027,10.591891,0.5,21.183783
390,18,3,91,390,3,Hospital,Rural,Private,4.2157135,4.2157135,0.5882353,7.1667128,4.2157135,0.11111111,37.94142
391,18,3,413,391,3,Health Post,Rural,Private,3.311097,3.311097,1.0,3.311097,3.311097,0.5,6.622194
392,18,3,241,392,3,Health Post,Rural,Public,21.648321,21.648321,1.0,21.648321,21.648321,1.0,21.648321
393,18,3,191,393,3,Health Post,Rural,Public,11.332551,11.332551,1.0,11.332551,11.332551,0.5,22.665102
395,18,3,211,395,3,Health Post,Rural,Public,6.8216763,6.8216763,1.0,6.8216763,6.8216763,0.6666667,10.232514
396,18,3,161,396,2,Health Post,Urban,Private,21.09545,21.09545,1.0,21.09545,21.09545,0.5,42.1909
397,18,3,161,397,3,Health Center,Rural,Public,8.745562,8.745562,1.0,8.745562,8.745562,0.5,17.491123
398,18,3,11,398,3,Health Center,Rural,Public,5.8374767,5.8374767,1.0,5.8374767,5.8374767,0.5,11.674953
399,18,3,123,399,3,Health Post,Rural,Public,3.1502404,3.1502404,1.0,3.1502404,3.1502404,1.0,3.1502404
400,18,3,311,400,3,Health Post,Rural,Public,6.761975,6.761975,1.0,6.761975,6.761975,1.0,6.761975
401,18,5,71,401,3,Health Center,Rural,Private,3.3493352,3.3493352,0.71428573,4.6890693,3.3493352,0.25,13.397341
402,18,5,111,402,3,Health Post,Rural,Public,19.02197,19.02197,1.0,19.02197,19.02197,0.5,38.04394
403,18,5,111,403,2,Health Post,Urban,Public,19.02197,19.02197,0.5,38.04394,19.02197,0.16666667,114.13182
404,18,5,201,404,2,Health Center,Urban,Public,5.218436,5.218436,1.0,5.218436,5.218436,1.0,5.218436
405,18,5,171,405,3,Health Post,Rural,Public,16.021149,16.021149,1.0,16.021149,16.021149,1.0,16.021149
406,18,5,121,406,3,Health Post,Rural,Public,17.195131,17.195131,1.0,17.195131,17.195131,1.0,17.195131
407,18,5,51,407,3,Health Center,Rural,Public,5.8374767,5.8374767,1.0,5.8374767,5.8374767,0.2,29.187384
408,18,5,141,408,3,Health Post,Rural,Public,22.085344,22.085344,1.0,22.085344,22.085344,0.5,44.17069
409,18,5,999,409,2,Hospital,Urban,Public,2.9746516,2.9746516,0.10752688,27.66426,5.5328517,0.06622978,44.91411
410,18,5,11,410,3,Health Post,Rural,Public,31.677856,31.677856,0.5,63.355713,31.677856,0.5,63.355713
411,18,5,11,411,2,Health Post,Urban,Private,31.677856,31.677856,1.0,31.677856,31.677856,0.6666667,47.516785
412,18,7,351,412,3,Health Post,Rural,Private,22.021889,22.021889,1.0,22.021889,22.021889,1.0,22.021889
413,18,7,351,413,3,Health Post,Rural,Public,22.021889,22.021889,1.0,22.021889,22.021889,0.33333334,66.06567
414,19,1,101,414,3,Health Post,Rural,Public,26.792147,26.792147,1.0,26.792147,26.792147,0.25,107.16859
415,19,1,121,415,3,Health Post,Rural,Public,16.993713,16.993713,1.0,16.993713,16.993713,0.33333334,50.98114
416,19,1,161,416,3,Health Post,Rural,Public,8.357173,8.357173,1.0,8.357173,8.357173,0.33333334,25.071518
417,19,1,161,417,3,Health Center,Rural,Public,8.357173,8.357173,0.7692308,10.864325,8.357173,0.5,16.714346
418,19,1,161,418,3,Health Post,Rural,Public,8.567411,8.567411,1.0,8.567411,8.567411,0.33333334,25.702234
419,19,1,151,419,3,Health Post,Rural,Public,23.716568,23.716568,1.0,23.716568,23.716568,0.5,47.433136
420,19,1,999,420,3,Health Post,Rural,Public,14.583888,14.583888,1.0,14.583888,14.583888,0.33333334,43.751663
421,19,1,999,421,3,Health Post,Rural,Public,16.503323,16.503323,1.0,16.503323,16.503323,0.5,33.006645
422,19,1,999,422,2,Health Post,Urban,Private,29.98971,29.98971,1.0,29.98971,29.98971,0.5,59.97942
423,19,1,999,423,2,Hospital,Urban,Public,2.7565384,2.7565384,0.06849315,40.24546,8.049092,0.08437493,32.670113
424,19,2,13,424,3,Health Post,Rural,Public,14.892297,14.892297,1.0,14.892297,14.892297,0.33333334,44.67689
425,19,2,13,425,3,Health Center,Rural,Public,8.132702,8.132702,0.5882353,13.825593,8.132702,0.5,16.265404
426,19,2,13,426,3,Health Post,Rural,Public,5.3162107,5.3162107,1.0,5.3162107,5.3162107,0.6666667,7.974316
427,19,2,172,427,2,Health Post,Urban,Private,11.434975,11.434975,1.0,11.434975,11.434975,0.5,22.86995
428,19,2,172,428,2,Hospital,Urban,Public,5.7894945,5.7894945,0.08928572,64.84234,12.968468,0.082491554,70.18288
429,19,3,999,429,2,Hospital,Urban,Private,2.223483,2.223483,0.3125,7.115146,2.223483,0.75,2.9646442
430,19,3,999,430,2,Health Post,Urban,Private,4.217828,4.217828,1.0,4.217828,4.217828,0.33333334,12.653483
431,19,6,211,431,3,Health Post,Rural,Private,15.425197,15.425197,1.0,15.425197,15.425197,1.0,15.425197
432,19,6,321,432,3,Health Post,Rural,Public,6.411069,6.411069,1.0,6.411069,6.411069,0.33333334,19.233208
434,19,6,11,434,3,Health Post,Rural,Public,6.8798084,6.8798084,1.0,6.8798084,6.8798084,0.5,13.759617
435,19,6,999,435,3,Health Post,Rural,Public,6.995328,6.995328,1.0,6.995328,6.995328,0.33333334,20.985985
436,19,6,352,436,2,Health Post,Urban,Private,1.7485089,1.7485089,1.0,1.7485089,1.7485089,0.33333334,5.245527
437,19,6,181,437,3,Health Post,Rural,Public,7.900684,7.900684,1.0,7.900684,7.900684,0.33333334,23.702051
438,19,6,91,438,3,Health Post,Rural,Public,10.249585,10.249585,1.0,10.249585,10.249585,0.33333334,30.748756
439,19,6,133,439,2,Health Post,Urban,Public,5.9285216,5.9285216,1.0,5.9285216,5.9285216,0.33333334,17.785564
440,19,6,133,440,2,Health Center,Urban,Public,3.5801325,3.5801325,0.5263158,6.802252,3.5801325,0.25,14.32053
441,19,6,133,441,2,Health Post,Urban,Private,5.9285216,5.9285216,1.0,5.9285216,5.9285216,0.33333334,17.785564
442,19,6,133,442,3,Health Post,Rural,Public,5.9285216,5.9285216,1.0,5.9285216,5.9285216,0.25,23.714087
443,19,6,283,443,3,Health Post,Rural,Public,1.7485089,1.7485089,1.0,1.7485089,1.7485089,0.33333334,5.245527
444,19,6,283,444,2,Health Center,Urban,Public,3.247157,3.247157,0.37037036,8.767324,3.247157,0.083333336,38.965885
445,19,6,71,445,2,Health Center,Urban,Public,5.272702,5.272702,0.3125,16.872648,5.272702,0.045454547,115.99945
446,19,6,111,446,3,Health Post,Rural,Public,14.310918,14.310918,1.0,14.310918,14.310918,0.5,28.621836
447,19,6,53,447,3,Health Post,Rural,Public,5.539081,5.539081,1.0,5.539081,5.539081,1.0,5.539081
448,19,6,53,448,3,Health Post,Rural,Public,5.539081,5.539081,1.0,5.539081,5.539081,0.5,11.078162
449,19,6,53,449,3,Health Post,Rural,Public,5.539081,5.539081,1.0,5.539081,5.539081,0.5,11.078162
450,19,6,311,450,3,Health Center,Rural,Public,8.616185,8.616185,0.90909094,9.477804,8.616185,0.33333334,25.848557
451,19,6,301,451,3,Health Post,Rural,Private,8.92663,8.92663,1.0,8.92663,8.92663,0.5,17.85326
452,19,6,191,452,3,Health Post,Rural,Public,5.4388947,5.4388947,1.0,5.4388947,5.4388947,0.33333334,16.316685
453,19,6,71,453,3,Health Post,Rural,Public,8.436831,8.436831,1.0,8.436831,8.436831,0.5,16.873663
454,19,6,71,454,3,Health Center,Rural,Public,6.995328,6.995328,0.6666667,10.492992,6.995328,1.0,6.995328
455,19,6,999,455,2,Hospital,Urban,Public,1.8658007,1.8658007,0.2,9.329003,1.8658007,0.083333336,22.389608
457,19,6,999,457,2,Health Post,Urban,Private,15.425197,15.425197,1.0,15.425197,15.425197,0.25,61.700787
458,19,6,999,458,2,Health Center,Urban,Private,8.863527,8.863527,0.3030303,29.24964,8.863527,0.16,55.397045
460,21,1,53,460,3,Health Center,Rural,Public,7.3014307,7.3014307,0.45454547,16.063148,7.3014307,0.16666667,43.808586
462,21,1,53,462,3,Health Post,Rural,Public,12.090807,12.090807,1.0,12.090807,12.090807,1.0,12.090807
463,21,1,183,463,3,Health Center,Rural,Public,5.3003716,5.3003716,0.22727273,23.321636,5.3003716,0.42857143,12.367534
470,7,3,172,470,1,Health Post,Urban,Public,17.689531,17.689531,0.3846154,45.99278,17.689531,0.16666667,106.13719
471,7,3,102,471,1,Health Post,Urban,Public,2.2777817,2.2777817,0.8333333,2.733338,2.2777817,0.5,4.5555634
472,7,3,72,472,1,Hospital,Urban,Public,2.490295,2.490295,0.37037036,6.7237964,2.490295,0.27272728,9.131081
474,7,2,82,474,1,Health Post,Urban,Private,7.1117826,7.1117826,1.0,7.1117826,7.1117826,0.33333334,21.335348
480,7,1,52,480,1,Health Post,Urban,Private,15.771024,15.771024,1.0,15.771024,15.771024,1.0,15.771024
497,7,1,222,497,1,Hospital,Urban,Public,10.947465,10.947465,0.20408164,53.642574,10.947465,0.13333334,82.10598
522,7,1,222,522,1,Health Center,Urban,Private,1.0103003,1.0103003,0.47619048,2.1216304,1.0103003,0.16666667,6.061802
536,7,1,12,536,1,Hospital,Urban,Private,11.138157,11.138157,0.23809524,46.78026,11.138157,0.125,89.105255
