fac_id,surveyed,stratum,fpc_fac,fpc_abs,wgt_abs,wgt_know_b,wgt_know_c,wgt_know_d,wgt_know_e,wgt_know_f,wgt_know_g,wgt_know_h,fpc_know_b,fpc_know_c,fpc_know_d,fpc_know_e,fpc_know_f,fpc_know_g,fpc_know_h,fpc_15,fpc_67,wgt_fac
1,1,5,0.7307692,0.4,84.84211,9.852632,9.852632,9.852632,9.852632,9.852632,4.926316,4.926316,0.1388889,0.1388889,0.1388889,0.1388889,0.1388889,0.2777778,0.2777778,0.1388889,0.2777778,1.3684211
2,1,1,0.21064301,1.0,12.031468,6.015734,6.015734,6.015734,6.015734,6.015734,3.007867,3.007867,0.5,0.5,0.5,0.5,0.5,1.0,1.0,0.5,1.0,3.007867
3,1,1,0.21064301,1.0,14.031694,7.015847,7.015847,7.015847,7.015847,7.015847,3.5079236,3.5079236,0.5,0.5,0.5,0.5,0.5,1.0,1.0,0.5,1.0,3.5079236
4,1,3,0.36619717,1.0,13.378964,5.733842,5.733842,5.733842,5.733842,5.733842,2.866921,2.866921,0.33333334,0.33333334,0.33333334,0.33333334,0.33333334,0.6666667,0.6666667,0.33333334,0.6666667,1.9112806
5,1,3,0.36619717,0.7692308,25.128984,5.496965,5.496965,5.496965,5.496965,5.496965,2.7484825,2.7484825,0.2857143,0.2857143,0.2857143,0.2857143,0.2857143,0.5714286,0.5714286,0.2857143,0.5714286,1.5705615
6,1,1,0.21064301,1.0,47.43677,23.718386,23.718386,23.718386,23.718386,23.718386,11.859193,11.859193,0.5,0.5,0.5,0.5,0.5,1.0,1.0,0.5,1.0,11.859193
7,1,1,0.21064301,1.0,20.782742,6.9275804,6.9275804,6.9275804,6.9275804,6.9275804,4.6183867,4.6183867,0.5,0.5,0.5,0.5,0.5,0.75,0.75,0.5,0.75,3.4637902
8,1,1,0.21064301,1.0,24.68743,5.143214,5.143214,5.143214,5.143214,5.143214,3.0859287,3.0859287,0.6,0.6,0.6,0.6,0.6,1.0,1.0,0.6,1.0,3.0859287
9,1,2,0.23880596,1.0,206.32622,58.950348,58.950348,58.950348,58.950348,58.950348,29.475174,29.475174,0.5,0.5,0.5,0.5,0.5,1.0,1.0,0.5,1.0,29.475174
10,1,2,0.23880596,1.0,26.48187,11.76972,11.76972,11.76972,11.76972,11.76972,5.88486,5.88486,0.25,0.25,0.25,0.25,0.25,0.5,0.5,0.25,0.5,2.94243
11,1,1,0.21064301,1.0,24.470867,5.4379706,5.4379706,5.4379706,5.4379706,5.4379706,2.7189853,2.7189853,0.5,0.5,0.5,0.5,0.5,1.0,1.0,0.5,1.0,2.7189853
12,1,1,0.21064301,1.0,24.096455,20.080378,20.080378,20.080378,20.080378,20.080378,4.0160756,4.0160756,0.2,0.2,0.2,0.2,0.2,1.0,1.0,0.2,1.0,4.0160756
13,1,1,0.21064301,1.0,23.45953,5.2132287,5.2132287,5.2132287,5.2132287,5.2132287,2.6066144,2.6066144,0.5,0.5,0.5,0.5,0.5,1.0,1.0,0.5,1.0,2.6066144
14,1,1,0.21064301,1.0,28.309877,16.177073,16.177073,16.177073,16.177073,16.177073,4.044268,4.044268,0.25,0.25,0.25,0.25,0.25,1.0,1.0,0.25,1.0,4.044268
15,1,3,0.36619717,0.7692308,46.79417,7.7990284,7.7990284,7.7990284,7.7990284,7.7990284,3.8995142,3.8995142,0.33333334,0.33333334,0.33333334,0.33333334,0.33333334,0.6666667,0.6666667,0.33333334,0.6666667,2.5996761
16,1,1,0.21064301,1.0,49.604057,11.023124,11.023124,11.023124,11.023124,11.023124,7.348749,7.348749,0.5,0.5,0.5,0.5,0.5,0.75,0.75,0.5,0.75,5.511562
17,1,1,0.21064301,1.0,16.671917,10.003149,10.003149,10.003149,10.003149,10.003149,3.3343832,3.3343832,0.33333334,0.33333334,0.33333334,0.33333334,0.33333334,1.0,1.0,0.33333334,1.0,3.3343832
18,1,1,0.21064301,1.0,20.27077,10.135385,10.135385,10.135385,10.135385,10.135385,5.0676923,5.0676923,0.33333334,0.33333334,0.33333334,0.33333334,0.33333334,0.6666667,0.6666667,0.33333334,0.6666667,3.3784616
19,1,5,0.7307692,0.47619048,60.210526,10.947369,10.947369,10.947369,10.947369,10.947369,5.4736843,5.4736843,0.125,0.125,0.125,0.125,0.125,0.25,0.25,0.125,0.25,1.3684211
20,1,2,0.23880596,1.0,1161.4442,625.393,625.393,625.393,625.393,625.393,208.46436,208.46436,0.14285715,0.14285715,0.14285715,0.14285715,0.14285715,0.42857143,0.42857143,0.14285715,0.42857143,89.341866
21,1,2,0.23880596,1.0,89.341866,89.341866,89.341866,89.341866,89.341866,89.341866,89.341866,89.341866,1.0,1.0,1.0,1.0,1.0,1.0,1.0,1.0,1.0,89.341866
22,1,4,0.32,1.0,211.58665,141.05777,141.05777,141.05777,141.05777,141.05777,141.05777,141.05777,0.5,0.5,0.5,0.5,0.5,0.5,0.5,0.5,0.5,70.528885
23,1,4,0.32,1.0,987.4044,164.5674,164.5674,164.5674,164.5674,164.5674,164.5674,164.5674,0.42857143,0.42857143,0.42857143,0.42857143,0.42857143,0.42857143,0.42857143,0.42857143,0.42857143,70.528885
24,1,4,0.32,1.0,493.7022,105.79333,105.79333,105.79333,105.79333,105.79333,70.528885,70.528885,0.6666667,0.6666667,0.6666667,0.6666667,0.6666667,1.0,1.0,0.6666667,1.0,70.528885
25,1,2,0.23880596,1.0,357.36746,178.68373,178.68373,178.68373,178.68373,178.68373,89.341866,89.341866,0.5,0.5,0.5,0.5,0.5,1.0,1.0,0.5,1.0,89.341866
26,1,2,0.23880596,1.0,268.0256,178.68373,178.68373,178.68373,178.68373,178.68373,89.341866,89.341866,0.5,0.5,0.5,0.5,0.5,1.0,1.0,0.5,1.0,89.341866
27,1,4,0.32,1.0,247.03128,123.51563,123.51563,123.51563,123.51563,123.51563,61.757816,61.757816,0.33333334,0.33333334,0.33333334,0.33333334,0.33333334,0.6666667,0.6666667,0.33333334,0.6666667,41.17188
28,1,4,0.32,1.0,352.6444,70.528885,70.528885,70.528885,70.528885,70.528885,70.528885,70.528885,1.0,1.0,1.0,1.0,1.0,1.0,1.0,1.0,1.0,70.528885
29,1,4,0.32,0.5882353,864.60944,144.10156,144.10156,144.10156,144.10156,144.10156,72.05078,72.05078,0.2857143,0.2857143,0.2857143,0.2857143,0.2857143,0.5714286,0.5714286,0.2857143,0.5714286,41.17188
30,1,1,0.21064301,1.0,82.12189,54.747925,54.747925,54.747925,54.747925,54.747925,27.373962,27.373962,0.5,0.5,0.5,0.5,0.5,1.0,1.0,0.5,1.0,27.373962
31,1,1,0.21064301,1.0,43.80535,17.52214,17.52214,17.52214,17.52214,17.52214,8.76107,8.76107,0.5,0.5,0.5,0.5,0.5,1.0,1.0,0.5,1.0,8.76107
32,1,1,0.21064301,1.0,55.55847,16.667542,16.667542,16.667542,16.667542,16.667542,16.667542,16.667542,0.33333334,0.33333334,0.33333334,0.33333334,0.33333334,0.33333334,0.33333334,0.33333334,0.33333334,5.555847
33,1,1,0.21064301,1.0,15.094706,10.063137,10.063137,10.063137,10.063137,10.063137,5.0315685,5.0315685,0.5,0.5,0.5,0.5,0.5,1.0,1.0,0.5,1.0,5.0315685
34,1,2,0.23880596,1.0,104.42961,,,,,,39.161102,39.161102,0.0,0.0,0.0,0.0,0.0,0.33333334,0.33333334,0.0,0.33333334,13.053701
35,1,1,0.21064301,1.0,14.993933,8.996359,8.996359,8.996359,8.996359,8.996359,2.9987864,2.9987864,0.33333334,0.33333334,0.33333334,0.33333334,0.33333334,1.0,1.0,0.33333334,1.0,2.9987864
36,1,3,0.36619717,0.71428573,49.473907,11.131629,11.131629,11.131629,11.131629,11.131629,4.4526515,4.4526515,0.22222222,0.22222222,0.22222222,0.22222222,0.22222222,0.5555556,0.5555556,0.22222222,0.5555556,2.4736953
37,1,1,0.21064301,1.0,19.039104,12.692737,12.692737,12.692737,12.692737,12.692737,6.3463683,6.3463683,0.5,0.5,0.5,0.5,0.5,1.0,1.0,0.5,1.0,6.3463683
38,1,5,0.7307692,0.4,69.789474,14.943158,14.943158,14.943158,14.943158,14.943158,4.9810524,4.9810524,0.09157509,0.09157509,0.09157509,0.09157509,0.09157509,0.2747253,0.2747253,0.09157509,0.2747253,1.3684211
39,1,1,0.21064301,1.0,11.803921,7.869281,7.869281,7.869281,7.869281,7.869281,3.9346404,3.9346404,0.5,0.5,0.5,0.5,0.5,1.0,1.0,0.5,1.0,3.9346404
40,1,1,0.21064301,1.0,19.9986,9.9993,9.9993,9.9993,9.9993,9.9993,4.99965,4.99965,0.5,0.5,0.5,0.5,0.5,1.0,1.0,0.5,1.0,4.99965
41,1,1,0.21064301,1.0,6.857413,4.5716085,4.5716085,4.5716085,4.5716085,4.5716085,4.5716085,4.5716085,0.5,0.5,0.5,0.5,0.5,0.5,0.5,0.5,0.5,2.2858043
42,1,5,0.7307692,0.36,57.473686,5.017544,5.017544,5.017544,5.017544,5.017544,2.150376,2.150376,0.27272728,0.27272728,0.27272728,0.27272728,0.27272728,0.6363636,0.6363636,0.27272728,0.6363636,1.3684211
43,1,1,0.21064301,1.0,23.182068,23.182068,23.182068,23.182068,23.182068,23.182068,23.182068,23.182068,1.0,1.0,1.0,1.0,1.0,1.0,1.0,1.0,1.0,23.182068
45,1,4,0.32,0.5263158,187.18938,21.83876,21.83876,21.83876,21.83876,21.83876,10.91938,10.91938,0.2857143,0.2857143,0.2857143,0.2857143,0.2857143,0.5714286,0.5714286,0.2857143,0.5714286,6.239646
46,1,1,0.21064301,1.0,15.440627,15.440627,15.440627,15.440627,15.440627,15.440627,7.7203135,7.7203135,0.5,0.5,0.5,0.5,0.5,1.0,1.0,0.5,1.0,7.7203135
47,1,1,0.21064301,1.0,11.727986,4.6911945,4.6911945,4.6911945,4.6911945,4.6911945,2.3455973,2.3455973,0.5,0.5,0.5,0.5,0.5,1.0,1.0,0.5,1.0,2.3455973
48,1,3,0.36619717,1.0,35.62899,4.8584986,4.8584986,4.8584986,4.8584986,4.8584986,3.886799,3.886799,0.6666667,0.6666667,0.6666667,0.6666667,0.6666667,0.8333333,0.8333333,0.6666667,0.8333333,3.2389991
49,1,5,0.7307692,0.4,62.94737,4.5978947,4.5978947,4.5978947,4.5978947,4.5978947,3.831579,3.831579,0.29761904,0.29761904,0.29761904,0.29761904,0.29761904,0.35714287,0.35714287,0.29761904,0.35714287,1.3684211
50,1,3,0.36619717,1.0,38.476948,7.6953897,7.6953897,7.6953897,7.6953897,7.6953897,3.8476949,3.8476949,0.5,0.5,0.5,0.5,0.5,1.0,1.0,0.5,1.0,3.8476949
51,1,1,0.21064301,1.0,14.827944,5.9311776,5.9311776,5.9311776,5.9311776,5.9311776,2.9655888,2.9655888,0.5,0.5,0.5,0.5,0.5,1.0,1.0,0.5,1.0,2.9655888
52,1,1,0.21064301,1.0,34.70887,20.825321,20.825321,20.825321,20.825321,20.825321,6.941774,6.941774,0.33333334,0.33333334,0.33333334,0.33333334,0.33333334,1.0,1.0,0.33333334,1.0,6.941774
53,1,2,0.23880596,1.0,135.25298,67.62649,67.62649,67.62649,67.62649,67.62649,22.542162,22.542162,0.25,0.25,0.25,0.25,0.25,0.75,0.75,0.25,0.75,16.906622
54,1,5,0.7307692,0.4,76.63158,3.744,3.744,3.744,3.744,3.744,3.1200001,3.1200001,0.36549708,0.36549708,0.36549708,0.36549708,0.36549708,0.4385965,0.4385965,0.36549708,0.4385965,1.3684211
55,1,2,0.23880596,1.0,135.25298,16.906622,16.906622,16.906622,16.906622,16.906622,16.906622,16.906622,1.0,1.0,1.0,1.0,1.0,1.0,1.0,1.0,1.0,16.906622
56,1,2,0.23880596,1.0,47.65552,19.062208,19.062208,19.062208,19.062208,19.062208,9.531104,9.531104,0.5,0.5,0.5,0.5,0.5,1.0,1.0,0.5,1.0,9.531104
58,1,2,0.23880596,1.0,14.845328,14.845328,14.845328,14.845328,14.845328,14.845328,14.845328,14.845328,1.0,1.0,1.0,1.0,1.0,1.0,1.0,1.0,1.0,14.845328
59,1,2,0.23880596,1.0,50.719864,33.813244,33.813244,33.813244,33.813244,33.813244,33.813244,33.813244,0.5,0.5,0.5,0.5,0.5,0.5,0.5,0.5,0.5,16.906622
60,1,1,0.21064301,1.0,16.547836,4.9643507,4.9643507,4.9643507,4.9643507,4.9643507,3.3095672,3.3095672,0.6666667,0.6666667,0.6666667,0.6666667,0.6666667,1.0,1.0,0.6666667,1.0,3.3095672
61,1,1,0.21064301,1.0,25.600117,12.800058,12.800058,12.800058,12.800058,12.800058,6.400029,6.400029,0.5,0.5,0.5,0.5,0.5,1.0,1.0,0.5,1.0,6.400029
62,1,1,0.21064301,1.0,7.8266387,7.8266387,7.8266387,7.8266387,7.8266387,7.8266387,3.9133193,3.9133193,0.5,0.5,0.5,0.5,0.5,1.0,1.0,0.5,1.0,3.9133193
63,1,3,0.36619717,0.6666667,160.23819,31.157425,31.157425,31.157425,31.157425,31.157425,20.771616,20.771616,0.2857143,0.2857143,0.2857143,0.2857143,0.2857143,0.42857143,0.42857143,0.2857143,0.42857143,8.902122
64,1,3,0.36619717,1.0,37.287083,8.286018,8.286018,8.286018,8.286018,8.286018,4.143009,4.143009,0.5,0.5,0.5,0.5,0.5,1.0,1.0,0.5,1.0,4.143009
65,1,4,0.32,1.0,167.53722,76.15328,76.15328,76.15328,76.15328,76.15328,38.07664,38.07664,0.2,0.2,0.2,0.2,0.2,0.4,0.4,0.2,0.4,15.230657
66,1,4,0.32,1.0,151.06836,25.17806,25.17806,25.17806,25.17806,25.17806,25.17806,25.17806,0.6666667,0.6666667,0.6666667,0.6666667,0.6666667,0.6666667,0.6666667,0.6666667,0.6666667,16.785374
67,1,5,0.7307692,0.4,67.052635,5.7692633,5.7692633,5.7692633,5.7692633,5.7692633,4.120902,4.120902,0.23719165,0.23719165,0.23719165,0.23719165,0.23719165,0.33206832,0.33206832,0.23719165,0.33206832,1.3684211
68,1,4,0.32,1.0,22.997429,4.3804626,4.3804626,4.3804626,4.3804626,4.3804626,4.3804626,4.3804626,0.75,0.75,0.75,0.75,0.75,0.75,0.75,0.75,0.75,3.285347
71,1,5,0.7307692,0.4,65.68421,6.4042106,6.4042106,6.4042106,6.4042106,6.4042106,3.8425264,3.8425264,0.21367522,0.21367522,0.21367522,0.21367522,0.21367522,0.35612535,0.35612535,0.21367522,0.35612535,1.3684211
73,1,5,0.7307692,0.6,35.57895,3.4210527,3.4210527,3.4210527,3.4210527,3.4210527,2.2807016,2.2807016,0.4,0.4,0.4,0.4,0.4,0.6,0.6,0.4,0.6,1.3684211
74,1,4,0.32,0.4,173.56837,25.481316,25.481316,25.481316,25.481316,25.481316,20.385052,20.385052,0.14492753,0.14492753,0.14492753,0.14492753,0.14492753,0.18115942,0.18115942,0.14492753,0.18115942,3.692944
75,1,4,0.32,1.0,44.31533,3.692944,3.692944,3.692944,3.692944,3.692944,3.692944,3.692944,1.0,1.0,1.0,1.0,1.0,1.0,1.0,1.0,1.0,3.692944
78,1,4,0.32,0.4,139.57104,23.433243,23.433243,23.433243,23.433243,23.433243,11.716621,11.716621,0.15673982,0.15673982,0.15673982,0.15673982,0.15673982,0.31347963,0.31347963,0.15673982,0.31347963,3.6729221
80,1,4,0.32,0.6666667,139.16977,9.036998,9.036998,9.036998,9.036998,9.036998,7.0287766,7.0287766,0.7,0.7,0.7,0.7,0.7,0.9,0.9,0.7,0.9,6.3258986
81,1,4,0.32,1.0,39.613686,6.0944133,6.0944133,6.0944133,6.0944133,6.0944133,4.062942,4.062942,0.5,0.5,0.5,0.5,0.5,0.75,0.75,0.5,0.75,3.0472066
82,1,4,0.32,0.4,112.74664,8.247772,8.247772,8.247772,8.247772,8.247772,8.247772,8.247772,0.36945814,0.36945814,0.36945814,0.36945814,0.36945814,0.36945814,0.36945814,0.36945814,0.36945814,3.0472066
83,1,4,0.32,1.0,33.046955,12.392608,12.392608,12.392608,12.392608,12.392608,12.392608,12.392608,0.33333334,0.33333334,0.33333334,0.33333334,0.33333334,0.33333334,0.33333334,0.33333334,0.33333334,4.1308694
84,1,4,0.32,0.4,161.10391,50.313988,50.313988,50.313988,50.313988,50.313988,20.125597,20.125597,0.08210181,0.08210181,0.08210181,0.08210181,0.08210181,0.20525451,0.20525451,0.08210181,0.20525451,4.1308694
85,1,4,0.32,1.0,90.87913,6.884782,6.884782,6.884782,6.884782,6.884782,5.1635866,5.1635866,0.6,0.6,0.6,0.6,0.6,0.8,0.8,0.6,0.8,4.1308694
86,1,4,0.32,1.0,33.924736,5.6541224,5.6541224,5.6541224,5.6541224,5.6541224,3.7694151,3.7694151,0.6666667,0.6666667,0.6666667,0.6666667,0.6666667,1.0,1.0,0.6666667,1.0,3.7694151
87,1,1,0.21064301,1.0,45.492584,18.955244,18.955244,18.955244,18.955244,18.955244,9.477622,9.477622,0.4,0.4,0.4,0.4,0.4,0.8,0.8,0.4,0.8,7.5820975
88,1,3,0.36619717,1.0,28.872807,10.827302,10.827302,10.827302,10.827302,10.827302,10.827302,10.827302,0.6666667,0.6666667,0.6666667,0.6666667,0.6666667,0.6666667,0.6666667,0.6666667,0.6666667,7.2182016
89,1,1,0.21064301,1.0,22.187355,14.79157,14.79157,14.79157,14.79157,14.79157,7.395785,7.395785,0.5,0.5,0.5,0.5,0.5,1.0,1.0,0.5,1.0,7.395785
90,1,3,0.36619717,0.5882353,111.53798,50.69908,50.69908,50.69908,50.69908,50.69908,16.899693,16.899693,0.1,0.1,0.1,0.1,0.1,0.3,0.3,0.1,0.3,5.069908
91,1,1,0.21064301,1.0,40.1209,,,,,,40.1209,40.1209,0.0,0.0,0.0,0.0,0.0,0.5,0.5,0.0,0.5,20.06045
92,1,1,0.21064301,1.0,16.822018,11.214678,11.214678,11.214678,11.214678,11.214678,5.607339,5.607339,0.5,0.5,0.5,0.5,0.5,1.0,1.0,0.5,1.0,5.607339
93,1,1,0.21064301,1.0,19.172495,12.781663,12.781663,12.781663,12.781663,12.781663,6.3908315,6.3908315,0.5,0.5,0.5,0.5,0.5,1.0,1.0,0.5,1.0,6.3908315
94,1,1,0.21064301,1.0,5.5464926,2.7732463,2.7732463,2.7732463,2.7732463,2.7732463,2.7732463,2.7732463,1.0,1.0,1.0,1.0,1.0,1.0,1.0,1.0,1.0,2.7732463
95,1,1,0.21064301,1.0,7.253436,4.835624,4.835624,4.835624,4.835624,4.835624,2.417812,2.417812,0.5,0.5,0.5,0.5,0.5,1.0,1.0,0.5,1.0,2.417812
96,1,1,0.21064301,1.0,13.851654,11.543045,11.543045,11.543045,11.543045,11.543045,3.8476815,3.8476815,0.2,0.2,0.2,0.2,0.2,0.6,0.6,0.2,0.6,2.308609
97,1,1,0.21064301,1.0,45.82514,11.456285,11.456285,11.456285,11.456285,11.456285,11.456285,11.456285,1.0,1.0,1.0,1.0,1.0,1.0,1.0,1.0,1.0,11.456285
98,1,1,0.21064301,1.0,20.835077,13.890052,13.890052,13.890052,13.890052,13.890052,3.472513,3.472513,0.25,0.25,0.25,0.25,0.25,1.0,1.0,0.25,1.0,3.472513
99,1,1,0.21064301,1.0,12.543926,,,,,,9.407945,9.407945,0.0,0.0,0.0,0.0,0.0,0.33333334,0.33333334,0.0,0.33333334,3.1359816
100,1,1,0.21064301,1.0,14.707443,3.1515949,3.1515949,3.1515949,3.1515949,3.1515949,2.1010633,2.1010633,0.6666667,0.6666667,0.6666667,0.6666667,0.6666667,1.0,1.0,0.6666667,1.0,2.1010633
101,1,1,0.21064301,1.0,9.321177,6.9908824,6.9908824,6.9908824,6.9908824,6.9908824,3.4954412,3.4954412,0.33333334,0.33333334,0.33333334,0.33333334,0.33333334,0.6666667,0.6666667,0.33333334,0.6666667,2.3302941
102,1,3,0.36619717,1.0,19.939898,13.293265,13.293265,13.293265,13.293265,13.293265,6.6466327,6.6466327,0.5,0.5,0.5,0.5,0.5,1.0,1.0,0.5,1.0,6.6466327
103,1,1,0.21064301,1.0,11.318868,,,,,,11.318868,11.318868,0.0,0.0,0.0,0.0,0.0,1.0,1.0,0.0,1.0,11.318868
104,1,1,0.21064301,1.0,16.033533,10.689022,10.689022,10.689022,10.689022,10.689022,5.344511,5.344511,0.5,0.5,0.5,0.5,0.5,1.0,1.0,0.5,1.0,5.344511
105,1,3,0.36619717,1.0,7.773538,6.2188306,6.2188306,6.2188306,6.2188306,6.2188306,2.0729434,2.0729434,0.25,0.25,0.25,0.25,0.25,0.75,0.75,0.25,0.75,1.5547076
106,1,1,0.21064301,1.0,41.25981,16.503925,16.503925,16.503925,16.503925,16.503925,8.251963,8.251963,0.5,0.5,0.5,0.5,0.5,1.0,1.0,0.5,1.0,8.251963
107,1,1,0.21064301,1.0,9.909527,6.6063514,6.6063514,6.6063514,6.6063514,6.6063514,3.3031757,3.3031757,0.5,0.5,0.5,0.5,0.5,1.0,1.0,0.5,1.0,3.3031757
108,1,3,0.36619717,0.90909094,23.330679,5.8326697,5.8326697,5.8326697,5.8326697,5.8326697,2.333068,2.333068,0.2857143,0.2857143,0.2857143,0.2857143,0.2857143,0.71428573,0.71428573,0.2857143,0.71428573,1.6664771
109,1,1,0.21064301,1.0,8.208873,8.208873,8.208873,8.208873,8.208873,8.208873,4.1044364,4.1044364,0.5,0.5,0.5,0.5,0.5,1.0,1.0,0.5,1.0,4.1044364
110,1,3,0.36619717,1.0,67.43512,,,,,,50.57634,50.57634,0.0,0.0,0.0,0.0,0.0,0.33333334,0.33333334,0.0,0.33333334,16.85878
111,1,5,0.7307692,0.4,46.526318,4.105263,4.105263,4.105263,4.105263,4.105263,2.7368422,2.7368422,0.33333334,0.33333334,0.33333334,0.33333334,0.33333334,0.5,0.5,0.33333334,0.5,1.3684211
112,1,1,0.21064301,1.0,11.788944,8.841708,8.841708,8.841708,8.841708,8.841708,8.841708,8.841708,0.33333334,0.33333334,0.33333334,0.33333334,0.33333334,0.33333334,0.33333334,0.33333334,0.33333334,2.947236
113,1,1,0.21064301,1.0,7.28189,4.369134,4.369134,4.369134,4.369134,4.369134,2.184567,2.184567,0.33333334,0.33333334,0.33333334,0.33333334,0.33333334,0.6666667,0.6666667,0.33333334,0.6666667,1.456378
114,1,3,0.36619717,1.0,16.890419,4.6064777,4.6064777,4.6064777,4.6064777,4.6064777,1.5354927,1.5354927,0.33333334,0.33333334,0.33333334,0.33333334,0.33333334,1.0,1.0,0.33333334,1.0,1.5354927
115,1,1,0.21064301,1.0,5.3692017,,,,,,2.6846008,2.6846008,0.0,0.0,0.0,0.0,0.0,1.0,1.0,0.0,1.0,2.6846008
116,1,1,0.21064301,1.0,9.492813,6.3285418,6.3285418,6.3285418,6.3285418,6.3285418,3.1642709,3.1642709,0.5,0.5,0.5,0.5,0.5,1.0,1.0,0.5,1.0,3.1642709
117,1,1,0.21064301,1.0,19.423056,6.474352,6.474352,6.474352,6.474352,6.474352,4.3162346,4.3162346,0.5,0.5,0.5,0.5,0.5,0.75,0.75,0.5,0.75,3.237176
118,1,5,0.7307692,0.4,69.789474,19.541052,19.541052,19.541052,19.541052,19.541052,9.770526,9.770526,0.070028014,0.070028014,0.070028014,0.070028014,0.070028014,0.14005603,0.14005603,0.070028014,0.14005603,1.3684211
119,1,1,0.21064301,1.0,11.716629,11.716629,11.716629,11.716629,11.716629,11.716629,5.8583145,5.8583145,0.5,0.5,0.5,0.5,0.5,1.0,1.0,0.5,1.0,5.8583145
120,1,1,0.21064301,1.0,39.660202,19.830101,19.830101,19.830101,19.830101,19.830101,9.9150505,9.9150505,0.33333334,0.33333334,0.33333334,0.33333334,0.33333334,0.6666667,0.6666667,0.33333334,0.6666667,6.610034
121,1,1,0.21064301,1.0,41.96179,,,,,,41.96179,41.96179,0.0,0.0,0.0,0.0,0.0,0.5,0.5,0.0,0.5,20.980894
122,1,5,0.7307692,0.5263158,39.68421,4.105263,4.105263,4.105263,4.105263,4.105263,2.463158,2.463158,0.33333334,0.33333334,0.33333334,0.33333334,0.33333334,0.5555556,0.5555556,0.33333334,0.5555556,1.3684211
123,1,1,0.21064301,1.0,15.577744,15.577744,15.577744,15.577744,15.577744,15.577744,15.577744,15.577744,0.5,0.5,0.5,0.5,0.5,0.5,0.5,0.5,0.5,7.788872
124,1,3,0.36619717,1.0,6.0186367,2.0062122,2.0062122,2.0062122,2.0062122,2.0062122,2.0062122,2.0062122,1.0,1.0,1.0,1.0,1.0,1.0,1.0,1.0,1.0,2.0062122
125,1,1,0.21064301,1.0,10.243511,6.8290076,6.8290076,6.8290076,6.8290076,6.8290076,6.8290076,6.8290076,0.5,0.5,0.5,0.5,0.5,0.5,0.5,0.5,0.5,3.4145038
126,1,3,0.36619717,0.6666667,39.586956,10.41762,10.41762,10.41762,10.41762,10.41762,3.47254,3.47254,0.2,0.2,0.2,0.2,0.2,0.6,0.6,0.2,0.6,2.083524
127,1,1,0.21064301,1.0,9.819199,9.819199,9.819199,9.819199,9.819199,9.819199,4.9095993,4.9095993,0.5,0.5,0.5,0.5,0.5,1.0,1.0,0.5,1.0,4.9095993
128,1,1,0.21064301,1.0,13.8343315,,,,,,13.8343315,13.8343315,0.0,0.0,0.0,0.0,0.0,1.0,1.0,0.0,1.0,13.8343315
129,1,3,0.36619717,1.0,29.737633,5.664311,5.664311,5.664311,5.664311,5.664311,4.2482333,4.2482333,0.375,0.375,0.375,0.375,0.375,0.5,0.5,0.375,0.5,2.1241167
130,1,1,0.21064301,1.0,14.835539,14.835538,14.835538,14.835538,14.835538,14.835538,4.9451795,4.9451795,0.33333334,0.33333334,0.33333334,0.33333334,0.33333334,1.0,1.0,0.33333334,1.0,4.9451795
131,1,5,0.7307692,0.4347826,45.157894,19.157894,19.157894,19.157894,19.157894,19.157894,9.578947,9.578947,0.071428575,0.071428575,0.071428575,0.071428575,0.071428575,0.14285715,0.14285715,0.071428575,0.14285715,1.3684211
132,1,3,0.36619717,1.0,159.92508,14.538643,14.538643,14.538643,14.538643,14.538643,10.903982,10.903982,0.5,0.5,0.5,0.5,0.5,0.6666667,0.6666667,0.5,0.6666667,7.2693214
133,1,1,0.21064301,1.0,13.107261,3.932178,3.932178,3.932178,3.932178,3.932178,3.932178,3.932178,0.6666667,0.6666667,0.6666667,0.6666667,0.6666667,0.6666667,0.6666667,0.6666667,0.6666667,2.621452
134,1,1,0.21064301,1.0,8.278694,8.278694,8.278694,8.278694,8.278694,8.278694,4.139347,4.139347,0.5,0.5,0.5,0.5,0.5,1.0,1.0,0.5,1.0,4.139347
135,1,2,0.23880596,1.0,18.827217,18.827217,18.827217,18.827217,18.827217,18.827217,18.827217,18.827217,1.0,1.0,1.0,1.0,1.0,1.0,1.0,1.0,1.0,18.827217
136,1,4,0.32,0.4,41.540775,5.1273184,5.1273184,5.1273184,5.1273184,5.1273184,2.2788084,2.2788084,0.23148148,0.23148148,0.23148148,0.23148148,0.23148148,0.5208333,0.5208333,0.23148148,0.5208333,1.1868793
137,1,2,0.23880596,1.0,111.183464,41.693798,41.693798,41.693798,41.693798,41.693798,41.693798,41.693798,0.6666667,0.6666667,0.6666667,0.6666667,0.6666667,0.6666667,0.6666667,0.6666667,0.6666667,27.795866
138,1,1,0.21064301,1.0,4.7800713,4.7800713,4.7800713,4.7800713,4.7800713,4.7800713,4.7800713,4.7800713,1.0,1.0,1.0,1.0,1.0,1.0,1.0,1.0,1.0,4.7800713
139,1,1,0.21064301,1.0,4.38291,4.38291,4.38291,4.38291,4.38291,4.38291,2.191455,2.191455,0.5,0.5,0.5,0.5,0.5,1.0,1.0,0.5,1.0,2.191455
140,1,1,0.21064301,1.0,47.273926,,,,,,15.757975,15.757975,0.0,0.0,0.0,0.0,0.0,1.0,1.0,0.0,1.0,15.757975
141,1,3,0.36619717,1.0,16.16335,12.122512,12.122512,12.122512,12.122512,12.122512,4.0408373,4.0408373,0.33333334,0.33333334,0.33333334,0.33333334,0.33333334,1.0,1.0,0.33333334,1.0,4.0408373
142,1,5,0.7307692,0.625,32.842106,4.7894735,4.7894735,4.7894735,4.7894735,4.7894735,3.1929824,3.1929824,0.2857143,0.2857143,0.2857143,0.2857143,0.2857143,0.42857143,0.42857143,0.2857143,0.42857143,1.3684211
143,1,1,0.21064301,1.0,17.670095,17.670095,17.670095,17.670095,17.670095,17.670095,8.835048,8.835048,0.5,0.5,0.5,0.5,0.5,1.0,1.0,0.5,1.0,8.835048
144,1,1,0.21064301,1.0,17.14071,10.284426,10.284426,10.284426,10.284426,10.284426,3.428142,3.428142,0.33333334,0.33333334,0.33333334,0.33333334,0.33333334,1.0,1.0,0.33333334,1.0,3.428142
145,1,1,0.21064301,1.0,36.718998,18.359499,18.359499,18.359499,18.359499,18.359499,18.359499,18.359499,0.5,0.5,0.5,0.5,0.5,0.5,0.5,0.5,0.5,9.1797495
146,1,3,0.36619717,1.0,32.0787,5.8324914,5.8324914,5.8324914,5.8324914,5.8324914,2.9162457,2.9162457,0.5,0.5,0.5,0.5,0.5,1.0,1.0,0.5,1.0,2.9162457
147,1,1,0.21064301,1.0,11.080546,5.540273,5.540273,5.540273,5.540273,5.540273,2.7701366,2.7701366,0.5,0.5,0.5,0.5,0.5,1.0,1.0,0.5,1.0,2.7701366
148,1,1,0.21064301,1.0,36.47392,10.942176,10.942176,10.942176,10.942176,10.942176,7.294784,7.294784,0.6666667,0.6666667,0.6666667,0.6666667,0.6666667,1.0,1.0,0.6666667,1.0,7.294784
149,1,1,0.21064301,1.0,13.483884,10.112912,10.112912,10.112912,10.112912,10.112912,3.370971,3.370971,0.33333334,0.33333334,0.33333334,0.33333334,0.33333334,1.0,1.0,0.33333334,1.0,3.370971
150,1,3,0.36619717,1.0,69.76441,13.416233,13.416233,13.416233,13.416233,13.416233,6.7081165,6.7081165,0.4,0.4,0.4,0.4,0.4,0.8,0.8,0.4,0.8,5.366493
151,1,1,0.21064301,1.0,22.977018,11.488509,11.488509,11.488509,11.488509,11.488509,11.488509,11.488509,0.5,0.5,0.5,0.5,0.5,0.5,0.5,0.5,0.5,5.7442546
152,1,5,0.7307692,0.625,30.105263,4.5614033,4.5614033,4.5614033,4.5614033,4.5614033,1.9548873,1.9548873,0.3,0.3,0.3,0.3,0.3,0.7,0.7,0.3,0.7,1.3684211
153,1,1,0.21064301,1.0,7.82268,2.086048,2.086048,2.086048,2.086048,2.086048,1.564536,1.564536,0.75,0.75,0.75,0.75,0.75,1.0,1.0,0.75,1.0,1.564536
154,1,1,0.21064301,1.0,12.848468,2.1414113,2.1414113,2.1414113,2.1414113,2.1414113,2.1414113,2.1414113,1.0,1.0,1.0,1.0,1.0,1.0,1.0,1.0,1.0,2.1414113
155,1,1,0.21064301,1.0,7.3532324,3.6766162,3.6766162,3.6766162,3.6766162,3.6766162,3.6766162,3.6766162,1.0,1.0,1.0,1.0,1.0,1.0,1.0,1.0,1.0,3.6766162
156,1,1,0.21064301,1.0,12.022885,8.015257,8.015257,8.015257,8.015257,8.015257,8.015257,8.015257,0.5,0.5,0.5,0.5,0.5,0.5,0.5,0.5,0.5,4.0076284
157,1,1,0.21064301,1.0,3.6335127,2.4223418,2.4223418,2.4223418,2.4223418,2.4223418,1.2111709,1.2111709,0.5,0.5,0.5,0.5,0.5,1.0,1.0,0.5,1.0,1.2111709
158,1,1,0.21064301,1.0,28.59513,14.297565,14.297565,14.297565,14.297565,14.297565,7.1487827,7.1487827,0.5,0.5,0.5,0.5,0.5,1.0,1.0,0.5,1.0,7.1487827
159,1,1,0.21064301,1.0,17.417194,11.611464,11.611464,11.611464,11.611464,11.611464,11.611464,11.611464,0.5,0.5,0.5,0.5,0.5,0.5,0.5,0.5,0.5,5.805732
160,1,1,0.21064301,1.0,10.261683,3.8481312,3.8481312,3.8481312,3.8481312,3.8481312,2.5654209,2.5654209,0.6666667,0.6666667,0.6666667,0.6666667,0.6666667,1.0,1.0,0.6666667,1.0,2.5654209
161,1,3,0.36619717,1.0,11.439682,7.6264544,7.6264544,7.6264544,7.6264544,7.6264544,3.8132272,3.8132272,0.5,0.5,0.5,0.5,0.5,1.0,1.0,0.5,1.0,3.8132272
162,1,3,0.36619717,0.625,64.50359,5.3752995,5.3752995,5.3752995,5.3752995,5.3752995,5.3752995,5.3752995,0.5,0.5,0.5,0.5,0.5,0.5,0.5,0.5,0.5,2.6876497
163,1,5,0.7307692,0.4,47.894737,9.250526,9.250526,9.250526,9.250526,9.250526,3.7002108,3.7002108,0.147929,0.147929,0.147929,0.147929,0.147929,0.36982247,0.36982247,0.147929,0.36982247,1.3684211
164,1,1,0.21064301,1.0,9.670175,2.6861596,2.6861596,2.6861596,2.6861596,2.6861596,1.0744638,1.0744638,0.4,0.4,0.4,0.4,0.4,1.0,1.0,0.4,1.0,1.0744638
165,1,1,0.21064301,1.0,16.195656,3.4704976,3.4704976,3.4704976,3.4704976,3.4704976,2.3136652,2.3136652,0.6666667,0.6666667,0.6666667,0.6666667,0.6666667,1.0,1.0,0.6666667,1.0,2.3136652
166,1,5,0.7307692,0.47619048,42.421055,5.4736843,5.4736843,5.4736843,5.4736843,5.4736843,2.7368422,2.7368422,0.25,0.25,0.25,0.25,0.25,0.5,0.5,0.25,0.5,1.3684211
167,1,1,0.21064301,1.0,15.795631,9.026075,9.026075,9.026075,9.026075,9.026075,4.5130377,4.5130377,0.25,0.25,0.25,0.25,0.25,0.5,0.5,0.25,0.5,2.2565188
168,1,1,0.21064301,1.0,23.41288,23.41288,23.41288,23.41288,23.41288,23.41288,11.70644,11.70644,0.33333334,0.33333334,0.33333334,0.33333334,0.33333334,0.6666667,0.6666667,0.33333334,0.6666667,7.8042936
169,1,3,0.36619717,1.0,18.869125,4.2884374,4.2884374,4.2884374,4.2884374,4.2884374,2.8589582,2.8589582,0.4,0.4,0.4,0.4,0.4,0.6,0.6,0.4,0.6,1.7153751
170,1,1,0.21064301,1.0,9.342543,6.228362,6.228362,6.228362,6.228362,6.228362,3.114181,3.114181,0.5,0.5,0.5,0.5,0.5,1.0,1.0,0.5,1.0,3.114181
171,1,1,0.21064301,1.0,11.612974,7.2581086,7.2581086,7.2581086,7.2581086,7.2581086,2.4193695,2.4193695,0.2,0.2,0.2,0.2,0.2,0.6,0.6,0.2,0.6,1.4516218
172,1,1,0.21064301,1.0,26.227608,10.491043,10.491043,10.491043,10.491043,10.491043,5.2455215,5.2455215,0.5,0.5,0.5,0.5,0.5,1.0,1.0,0.5,1.0,5.2455215
173,1,1,0.21064301,1.0,20.871298,10.435649,10.435649,10.435649,10.435649,10.435649,5.2178245,5.2178245,0.5,0.5,0.5,0.5,0.5,1.0,1.0,0.5,1.0,5.2178245
174,1,5,0.7307692,0.5263158,43.789474,6.385965,6.385965,6.385965,6.385965,6.385965,3.831579,3.831579,0.21428572,0.21428572,0.21428572,0.21428572,0.21428572,0.35714287,0.35714287,0.21428572,0.35714287,1.3684211
175,1,3,0.36619717,1.0,33.283825,6.0516047,6.0516047,6.0516047,6.0516047,6.0516047,4.5387034,4.5387034,0.5,0.5,0.5,0.5,0.5,0.6666667,0.6666667,0.5,0.6666667,3.0258024
176,1,1,0.21064301,1.0,187.52548,93.76274,93.76274,93.76274,93.76274,93.76274,46.88137,46.88137,0.2,0.2,0.2,0.2,0.2,0.4,0.4,0.2,0.4,18.752548
177,1,1,0.21064301,1.0,22.097809,8.839124,8.839124,8.839124,8.839124,8.839124,8.839124,8.839124,0.5,0.5,0.5,0.5,0.5,0.5,0.5,0.5,0.5,4.419562
178,1,1,0.21064301,1.0,14.280511,5.355191,5.355191,5.355191,5.355191,5.355191,3.5701277,3.5701277,0.6666667,0.6666667,0.6666667,0.6666667,0.6666667,1.0,1.0,0.6666667,1.0,3.5701277
179,1,5,0.7307692,0.4,69.789474,10.85614,10.85614,10.85614,10.85614,10.85614,6.5136843,6.5136843,0.12605043,0.12605043,0.12605043,0.12605043,0.12605043,0.21008404,0.21008404,0.12605043,0.21008404,1.3684211
180,1,1,0.21064301,1.0,4.0733366,2.7155576,2.7155576,2.7155576,2.7155576,2.7155576,1.3577788,1.3577788,0.5,0.5,0.5,0.5,0.5,1.0,1.0,0.5,1.0,1.3577788
181,1,1,0.21064301,1.0,6.0,1.3333334,1.3333334,1.3333334,1.3333334,1.3333334,1.0,1.0,0.75,0.75,0.75,0.75,0.75,1.0,1.0,0.75,1.0,1.0
182,1,1,0.21064301,1.0,5.0,1.5,1.5,1.5,1.5,1.5,1.0,1.0,0.6666667,0.6666667,0.6666667,0.6666667,0.6666667,1.0,1.0,0.6666667,1.0,1.0
183,1,1,0.21064301,1.0,11.0,2.0,2.0,2.0,2.0,2.0,1.0,1.0,0.5,0.5,0.5,0.5,0.5,1.0,1.0,0.5,1.0,1.0
184,1,4,0.32,0.8333333,10.0,1.25,1.25,1.25,1.25,1.25,1.25,1.25,0.8,0.8,0.8,0.8,0.8,0.8,0.8,0.8,0.8,1.0
185,1,4,0.32,1.0,13.0,2.0,2.0,2.0,2.0,2.0,2.0,2.0,0.5,0.5,0.5,0.5,0.5,0.5,0.5,0.5,0.5,1.0
186,1,2,0.23880596,1.0,1.0,1.0,1.0,1.0,1.0,1.0,1.0,1.0,1.0,1.0,1.0,1.0,1.0,1.0,1.0,1.0,1.0,1.0
187,1,4,0.32,0.4,45.0,,,,,,6.4133334,6.4133334,0.0,0.0,0.0,0.0,0.0,0.15592515,0.15592515,0.0,0.15592515,1.0
188,1,2,0.23880596,1.0,12.0,1.5,1.5,1.5,1.5,1.5,1.5,1.5,0.6666667,0.6666667,0.6666667,0.6666667,0.6666667,0.6666667,0.6666667,0.6666667,0.6666667,1.0
