fac_id,strate,cluster,gestion,cluster_fpc,fac_wgt,fac_fpc,abs_wgt,abs_info,abs_fpc,know_b,know_fpc_b,know_wgt_b,know_c,know_fpc_c,know_wgt_c,know_d,know_fpc_d,know_wgt_d,know_e,know_fpc_e,know_wgt_e,know_f,know_fpc_f,know_wgt_f,know_g,know_fpc_g,know_wgt_g,know_h,know_fpc_h,know_wgt_h,know_i,know_fpc_i,know_wgt_i,know_j,know_fpc_j,know_wgt_j,know_wgt_15,know_fpc_15,know_wgt_69,know_fpc_69,ftype,moh_type,public,factype,rural
1,1,43,public,0.3030303,8.69014925671308,0.3809524,17.380299,1,0.5,1.0,1.0,8.690149,1.0,1.0,8.690149,1.0,1.0,8.690149,1.0,1.0,8.690149,1.0,1.0,8.690149,1.0,1.0,8.690149,1.0,1.0,8.690149,1.0,1.0,8.690149,1.0,1.0,8.690149,8.690149,1.0,8.690149,1.0,Sampled and done,Health Post,Public,Health Post,Rural
2,1,43,public,0.3030303,4.370478499719852,0.3809524,8.740957,1,0.5,1.0,1.0,4.3704786,1.0,1.0,4.3704786,1.0,1.0,4.3704786,1.0,1.0,4.3704786,1.0,1.0,4.3704786,1.0,1.0,4.3704786,1.0,1.0,4.3704786,1.0,1.0,4.3704786,1.0,1.0,4.3704786,4.3704786,1.0,4.3704786,1.0,Sampled and done,Health Post,Public,Health Post,Rural
3,1,43,public,0.3030303,4.564372243567068,0.3809524,9.128744,1,0.5,1.0,1.0,4.564372,1.0,1.0,4.564372,1.0,1.0,4.564372,1.0,1.0,4.564372,1.0,1.0,4.564372,1.0,1.0,4.564372,1.0,1.0,4.564372,1.0,1.0,4.564372,1.0,1.0,4.564372,4.564372,1.0,4.564372,1.0,Sampled and done,Health Post,Public,Health Post,Rural
4,1,43,public,0.3030303,5.7609222938120705,0.3809524,17.282766,1,0.33333334,0.6666667,0.6666667,8.641383,0.6666667,0.6666667,8.641383,0.6666667,0.6666667,8.641383,0.6666667,0.6666667,8.641383,0.6666667,0.6666667,8.641383,1.0,1.0,5.7609224,1.0,1.0,5.7609224,1.0,1.0,5.7609224,1.0,1.0,5.7609224,8.641383,0.6666667,5.7609224,1.0,Sampled and done,Health Post,Public,Health Center,Rural
5,1,43,public,0.3030303,5.7609222938120705,0.3809524,5.7609224,1,1.0,1.0,1.0,5.7609224,1.0,1.0,5.7609224,1.0,1.0,5.7609224,1.0,1.0,5.7609224,1.0,1.0,5.7609224,1.0,1.0,5.7609224,1.0,1.0,5.7609224,1.0,1.0,5.7609224,1.0,1.0,5.7609224,5.7609224,1.0,5.7609224,1.0,Sampled and done,Health Post,Public,Health Post,Rural
7,1,43,public,0.3030303,5.7609222938120705,0.3809524,5.7609224,1,1.0,1.0,1.0,5.7609224,1.0,1.0,5.7609224,1.0,1.0,5.7609224,1.0,1.0,5.7609224,1.0,1.0,5.7609224,1.0,1.0,5.7609224,1.0,1.0,5.7609224,1.0,1.0,5.7609224,1.0,1.0,5.7609224,5.7609224,1.0,5.7609224,1.0,Sampled and done,Health Post,Public,Health Post,Rural
11,1,43,public,0.3030303,6.016502270153728,0.3809524,6.0165024,1,1.0,1.0,1.0,6.0165024,1.0,1.0,6.0165024,1.0,1.0,6.0165024,1.0,1.0,6.0165024,1.0,1.0,6.0165024,1.0,1.0,6.0165024,1.0,1.0,6.0165024,1.0,1.0,6.0165024,1.0,1.0,6.0165024,6.0165024,1.0,6.0165024,1.0,Sampled and done,Health Post,Public,Health Post,Rural
12,1,43,public,0.3030303,6.016502270153728,0.3809524,6.0165024,1,1.0,1.0,1.0,6.0165024,1.0,1.0,6.0165024,1.0,1.0,6.0165024,1.0,1.0,6.0165024,1.0,1.0,6.0165024,1.0,1.0,6.0165024,1.0,1.0,6.0165024,1.0,1.0,6.0165024,1.0,1.0,6.0165024,6.0165024,1.0,6.0165024,1.0,Sampled and done,Health Post,Public,Health Post,Rural
13,1,43,public,0.3030303,6.016502270153728,0.3809524,6.0165024,1,1.0,1.0,1.0,6.0165024,1.0,1.0,6.0165024,1.0,1.0,6.0165024,1.0,1.0,6.0165024,1.0,1.0,6.0165024,1.0,1.0,6.0165024,1.0,1.0,6.0165024,1.0,1.0,6.0165024,1.0,1.0,6.0165024,6.0165024,1.0,6.0165024,1.0,Sampled and done,Health Post,Public,Health Post,Rural
14,1,43,public,0.3030303,5.7609222938120705,0.3809524,5.7609224,1,1.0,1.0,1.0,5.7609224,1.0,1.0,5.7609224,1.0,1.0,5.7609224,1.0,1.0,5.7609224,1.0,1.0,5.7609224,1.0,1.0,5.7609224,1.0,1.0,5.7609224,1.0,1.0,5.7609224,1.0,1.0,5.7609224,5.7609224,1.0,5.7609224,1.0,Sampled and done,Health Post,Public,Health Post,Rural
15,1,46,public,0.3030303,20.83877243410458,0.33333334,20.838772,1,1.0,1.0,1.0,20.838772,1.0,1.0,20.838772,1.0,1.0,20.838772,1.0,1.0,20.838772,1.0,1.0,20.838772,1.0,1.0,20.838772,1.0,1.0,20.838772,1.0,1.0,20.838772,1.0,1.0,20.838772,20.838772,1.0,20.838772,1.0,Sampled and done,Health Post,Public,Health Post,Rural
17,1,46,public,0.3030303,20.83877243410458,0.33333334,20.838772,1,1.0,1.0,1.0,20.838772,1.0,1.0,20.838772,1.0,1.0,20.838772,1.0,1.0,20.838772,1.0,1.0,20.838772,1.0,1.0,20.838772,1.0,1.0,20.838772,1.0,1.0,20.838772,1.0,1.0,20.838772,20.838772,1.0,20.838772,1.0,Sampled and done,Health Post,Public,Health Post,Rural
18,1,46,public,0.3030303,2.604847389459864,0.33333334,2.6048474,1,1.0,1.0,1.0,2.6048474,1.0,1.0,2.6048474,1.0,1.0,2.6048474,1.0,1.0,2.6048474,1.0,1.0,2.6048474,1.0,1.0,2.6048474,1.0,1.0,2.6048474,1.0,1.0,2.6048474,1.0,1.0,2.6048474,2.6048474,1.0,2.6048474,1.0,Sampled and done,Health Post,Public,Health Post,Rural
19,1,17,public,0.3030303,2.825289230698634,0.11594203,2.8252892,1,1.0,1.0,1.0,2.8252892,1.0,1.0,2.8252892,1.0,1.0,2.8252892,1.0,1.0,2.8252892,1.0,1.0,2.8252892,1.0,1.0,2.8252892,1.0,1.0,2.8252892,1.0,1.0,2.8252892,1.0,1.0,2.8252892,2.8252892,1.0,2.8252892,1.0,Sampled and done,Health Post,Public,Health Post,Rural
20,1,46,public,0.3030303,2.604847389459864,0.33333334,2.6048474,1,1.0,1.0,1.0,2.6048474,1.0,1.0,2.6048474,1.0,1.0,2.6048474,1.0,1.0,2.6048474,1.0,1.0,2.6048474,1.0,1.0,2.6048474,1.0,1.0,2.6048474,1.0,1.0,2.6048474,1.0,1.0,2.6048474,2.6048474,1.0,2.6048474,1.0,Sampled and done,Health Post,Public,Health Post,Rural
21,1,46,public,0.3030303,20.83877243410458,0.33333334,20.838772,1,1.0,1.0,1.0,20.838772,1.0,1.0,20.838772,1.0,1.0,20.838772,1.0,1.0,20.838772,1.0,1.0,20.838772,1.0,1.0,20.838772,1.0,1.0,20.838772,1.0,1.0,20.838772,1.0,1.0,20.838772,20.838772,1.0,20.838772,1.0,Sampled and done,Health Post,Public,Health Post,Rural
22,1,46,public,0.3030303,20.83877243410458,0.33333334,41.677544,1,0.5,1.0,1.0,20.838772,1.0,1.0,20.838772,1.0,1.0,20.838772,1.0,1.0,20.838772,1.0,1.0,20.838772,1.0,1.0,20.838772,1.0,1.0,20.838772,1.0,1.0,20.838772,1.0,1.0,20.838772,20.838772,1.0,20.838772,1.0,Sampled and done,Health Post,Public,Health Post,Rural
23,1,17,public,0.3030303,2.825289230698634,0.11594203,8.475867,1,0.33333334,1.0,1.0,2.8252892,1.0,1.0,2.8252892,1.0,1.0,2.8252892,1.0,1.0,2.8252892,1.0,1.0,2.8252892,1.0,1.0,2.8252892,1.0,1.0,2.8252892,1.0,1.0,2.8252892,1.0,1.0,2.8252892,2.8252892,1.0,2.8252892,1.0,Sampled and done,Health Post,Public,Health Post,Rural
24,1,17,public,0.3030303,2.825289230698634,0.11594203,2.8252892,1,1.0,1.0,1.0,2.8252892,1.0,1.0,2.8252892,1.0,1.0,2.8252892,1.0,1.0,2.8252892,1.0,1.0,2.8252892,1.0,1.0,2.8252892,1.0,1.0,2.8252892,1.0,1.0,2.8252892,1.0,1.0,2.8252892,2.8252892,1.0,2.8252892,1.0,Sampled and done,Health Post,Public,Health Post,Rural
26,1,17,public,0.3030303,2.825289230698634,0.11594203,2.8252892,1,1.0,1.0,1.0,2.8252892,1.0,1.0,2.8252892,1.0,1.0,2.8252892,1.0,1.0,2.8252892,1.0,1.0,2.8252892,1.0,1.0,2.8252892,1.0,1.0,2.8252892,1.0,1.0,2.8252892,1.0,1.0,2.8252892,2.8252892,1.0,2.8252892,1.0,Sampled and done,Health Post,Public,Health Post,Rural
27,1,17,public,0.3030303,2.825289230698634,0.11594203,11.301157,1,0.25,1.0,1.0,2.8252892,1.0,1.0,2.8252892,1.0,1.0,2.8252892,1.0,1.0,2.8252892,1.0,1.0,2.8252892,1.0,1.0,2.8252892,1.0,1.0,2.8252892,1.0,1.0,2.8252892,1.0,1.0,2.8252892,2.8252892,1.0,2.8252892,1.0,Sampled and done,Health Post,Public,Health Post,Rural
28,1,46,public,0.3030303,20.83877243410458,0.33333334,83.35509,1,0.25,1.0,1.0,20.838772,1.0,1.0,20.838772,1.0,1.0,20.838772,1.0,1.0,20.838772,1.0,1.0,20.838772,1.0,1.0,20.838772,1.0,1.0,20.838772,1.0,1.0,20.838772,1.0,1.0,20.838772,20.838772,1.0,20.838772,1.0,Sampled and done,Health Post,Public,Health Post,Rural
29,1,17,public,0.3030303,2.825289230698634,0.11594203,2.8252892,1,1.0,1.0,1.0,2.8252892,1.0,1.0,2.8252892,1.0,1.0,2.8252892,1.0,1.0,2.8252892,1.0,1.0,2.8252892,1.0,1.0,2.8252892,1.0,1.0,2.8252892,1.0,1.0,2.8252892,1.0,1.0,2.8252892,2.8252892,1.0,2.8252892,1.0,Sampled and done,Health Post,Public,Health Post,Rural
30,1,46,public,0.3030303,2.604847389459864,0.33333334,2.6048474,1,1.0,1.0,1.0,2.6048474,1.0,1.0,2.6048474,1.0,1.0,2.6048474,1.0,1.0,2.6048474,1.0,1.0,2.6048474,1.0,1.0,2.6048474,1.0,1.0,2.6048474,1.0,1.0,2.6048474,1.0,1.0,2.6048474,2.6048474,1.0,2.6048474,1.0,Sampled and done,Health Post,Public,Health Post,Rural
31,1,46,public,0.3030303,20.83877243410458,0.33333334,20.838772,1,1.0,1.0,1.0,20.838772,1.0,1.0,20.838772,1.0,1.0,20.838772,1.0,1.0,20.838772,1.0,1.0,20.838772,1.0,1.0,20.838772,1.0,1.0,20.838772,1.0,1.0,20.838772,1.0,1.0,20.838772,20.838772,1.0,20.838772,1.0,Sampled and done,Health Post,Public,Health Post,Rural
32,1,46,public,0.3030303,2.604847389459864,0.33333334,2.6048474,1,1.0,1.0,1.0,2.6048474,1.0,1.0,2.6048474,1.0,1.0,2.6048474,1.0,1.0,2.6048474,1.0,1.0,2.6048474,1.0,1.0,2.6048474,1.0,1.0,2.6048474,1.0,1.0,2.6048474,1.0,1.0,2.6048474,2.6048474,1.0,2.6048474,1.0,Sampled and done,Health Post,Public,Health Post,Rural
33,1,17,public,0.3030303,2.825289230698634,0.11594203,0.0,1,0.33333334,1.0,1.0,2.8252892,1.0,1.0,2.8252892,1.0,1.0,2.8252892,1.0,1.0,2.8252892,1.0,1.0,2.8252892,1.0,1.0,2.8252892,1.0,1.0,2.8252892,1.0,1.0,2.8252892,1.0,1.0,2.8252892,2.8252892,1.0,2.8252892,1.0,Sampled and done,Health Post,Public,Health Post,Rural
34,1,17,public,0.3030303,2.825289230698634,0.11594203,2.8252892,1,1.0,1.0,1.0,2.8252892,1.0,1.0,2.8252892,1.0,1.0,2.8252892,1.0,1.0,2.8252892,1.0,1.0,2.8252892,1.0,1.0,2.8252892,1.0,1.0,2.8252892,1.0,1.0,2.8252892,1.0,1.0,2.8252892,2.8252892,1.0,2.8252892,1.0,Sampled and done,Health Post,Public,Health Post,Rural
35,1,46,public,0.3030303,2.604847389459864,0.33333334,2.6048474,1,1.0,1.0,1.0,2.6048474,1.0,1.0,2.6048474,1.0,1.0,2.6048474,1.0,1.0,2.6048474,1.0,1.0,2.6048474,1.0,1.0,2.6048474,1.0,1.0,2.6048474,1.0,1.0,2.6048474,1.0,1.0,2.6048474,2.6048474,1.0,2.6048474,1.0,Sampled and done,Health Post,Public,Health Post,Rural
36,1,46,public,0.3030303,20.83877243410458,0.33333334,20.838772,1,1.0,1.0,1.0,20.838772,1.0,1.0,20.838772,1.0,1.0,20.838772,1.0,1.0,20.838772,1.0,1.0,20.838772,1.0,1.0,20.838772,1.0,1.0,20.838772,1.0,1.0,20.838772,1.0,1.0,20.838772,20.838772,1.0,20.838772,1.0,Sampled and done,Health Post,Public,Health Post,Rural
37,1,46,public,0.3030303,2.604847389459864,0.33333334,2.6048474,1,1.0,1.0,1.0,2.6048474,1.0,1.0,2.6048474,1.0,1.0,2.6048474,1.0,1.0,2.6048474,1.0,1.0,2.6048474,1.0,1.0,2.6048474,1.0,1.0,2.6048474,1.0,1.0,2.6048474,1.0,1.0,2.6048474,2.6048474,1.0,2.6048474,1.0,Sampled and done,Health Post,Public,Health Post,Rural
38,1,18,public,0.3030303,15.187500000000002,0.08510638,30.375,1,0.5,1.0,1.0,15.1875,1.0,1.0,15.1875,1.0,1.0,15.1875,1.0,1.0,15.1875,1.0,1.0,15.1875,1.0,1.0,15.1875,1.0,1.0,15.1875,1.0,1.0,15.1875,1.0,1.0,15.1875,15.1875,1.0,15.1875,1.0,Sampled and done,Health Post,Public,Health Post,Rural
39,1,18,public,0.3030303,15.187500000000002,0.08510638,15.1875,1,1.0,1.0,1.0,15.1875,1.0,1.0,15.1875,1.0,1.0,15.1875,1.0,1.0,15.1875,1.0,1.0,15.1875,1.0,1.0,15.1875,1.0,1.0,15.1875,1.0,1.0,15.1875,1.0,1.0,15.1875,15.1875,1.0,15.1875,1.0,Sampled and done,Health Post,Public,Health Post,Rural
41,1,18,public,0.3030303,15.187500000000002,0.08510638,45.5625,1,0.33333334,1.0,1.0,15.1875,1.0,1.0,15.1875,1.0,1.0,15.1875,1.0,1.0,15.1875,1.0,1.0,15.1875,1.0,1.0,15.1875,1.0,1.0,15.1875,1.0,1.0,15.1875,1.0,1.0,15.1875,15.1875,1.0,15.1875,1.0,Sampled and done,Health Post,Public,Health Post,Rural
42,1,18,public,0.3030303,15.187500000000002,0.08510638,15.1875,1,1.0,1.0,1.0,15.1875,1.0,1.0,15.1875,1.0,1.0,15.1875,1.0,1.0,15.1875,1.0,1.0,15.1875,1.0,1.0,15.1875,1.0,1.0,15.1875,1.0,1.0,15.1875,1.0,1.0,15.1875,15.1875,1.0,15.1875,1.0,Sampled and done,Health Post,Public,Health Post,Rural
43,1,18,public,0.3030303,15.187500000000002,0.08510638,30.375,1,0.5,1.0,1.0,15.1875,1.0,1.0,15.1875,1.0,1.0,15.1875,1.0,1.0,15.1875,1.0,1.0,15.1875,1.0,1.0,15.1875,1.0,1.0,15.1875,1.0,1.0,15.1875,1.0,1.0,15.1875,15.1875,1.0,15.1875,1.0,Sampled and done,Health Post,Public,Health Post,Rural
44,1,18,public,0.3030303,15.187500000000002,0.08510638,15.1875,1,1.0,1.0,1.0,15.1875,1.0,1.0,15.1875,1.0,1.0,15.1875,1.0,1.0,15.1875,1.0,1.0,15.1875,1.0,1.0,15.1875,1.0,1.0,15.1875,1.0,1.0,15.1875,1.0,1.0,15.1875,15.1875,1.0,15.1875,1.0,Sampled and done,Health Post,Public,Health Post,Rural
45,1,18,public,0.3030303,15.187500000000002,0.08510638,45.5625,1,0.33333334,1.0,1.0,15.1875,1.0,1.0,15.1875,1.0,1.0,15.1875,1.0,1.0,15.1875,1.0,1.0,15.1875,1.0,1.0,15.1875,1.0,1.0,15.1875,1.0,1.0,15.1875,1.0,1.0,15.1875,15.1875,1.0,15.1875,1.0,Sampled and done,Health Post,Public,Health Post,Rural
46,1,46,public,0.3030303,68.1875,0.33333334,204.5625,1,0.33333334,1.0,1.0,68.1875,1.0,1.0,68.1875,1.0,1.0,68.1875,1.0,1.0,68.1875,1.0,1.0,68.1875,1.0,1.0,68.1875,1.0,1.0,68.1875,1.0,1.0,68.1875,1.0,1.0,68.1875,68.1875,1.0,68.1875,1.0,Sampled and done,Health Post,Public,Health Post,Rural
47,1,23,public,0.3030303,9.906250000000004,0.42105263,29.71875,1,0.33333334,1.0,1.0,9.90625,1.0,1.0,9.90625,1.0,1.0,9.90625,1.0,1.0,9.90625,1.0,1.0,9.90625,1.0,1.0,9.90625,1.0,1.0,9.90625,1.0,1.0,9.90625,1.0,1.0,9.90625,9.90625,1.0,9.90625,1.0,Sampled and done,Health Post,Public,Health Post,Rural
48,1,23,public,0.3030303,9.906250000000004,0.42105263,9.90625,1,1.0,1.0,1.0,9.90625,1.0,1.0,9.90625,1.0,1.0,9.90625,1.0,1.0,9.90625,1.0,1.0,9.90625,1.0,1.0,9.90625,1.0,1.0,9.90625,1.0,1.0,9.90625,1.0,1.0,9.90625,9.90625,1.0,9.90625,1.0,Sampled and done,Health Post,Public,Health Post,Rural
50,1,23,public,0.3030303,9.906250000000004,0.42105263,9.90625,1,1.0,1.0,1.0,9.90625,1.0,1.0,9.90625,1.0,1.0,9.90625,1.0,1.0,9.90625,1.0,1.0,9.90625,1.0,1.0,9.90625,1.0,1.0,9.90625,1.0,1.0,9.90625,1.0,1.0,9.90625,9.90625,1.0,9.90625,1.0,Sampled and done,Health Post,Public,Health Post,Rural
51,1,23,public,0.3030303,9.906250000000004,0.42105263,9.90625,1,1.0,1.0,1.0,9.90625,1.0,1.0,9.90625,1.0,1.0,9.90625,1.0,1.0,9.90625,1.0,1.0,9.90625,1.0,1.0,9.90625,1.0,1.0,9.90625,1.0,1.0,9.90625,1.0,1.0,9.90625,9.90625,1.0,9.90625,1.0,Sampled and done,Health Post,Public,Health Post,Rural
52,1,23,public,0.3030303,9.906250000000004,0.42105263,9.90625,1,1.0,1.0,1.0,9.90625,1.0,1.0,9.90625,1.0,1.0,9.90625,1.0,1.0,9.90625,1.0,1.0,9.90625,1.0,1.0,9.90625,1.0,1.0,9.90625,1.0,1.0,9.90625,1.0,1.0,9.90625,9.90625,1.0,9.90625,1.0,Sampled and done,Health Post,Public,Health Post,Rural
53,1,23,public,0.3030303,9.906250000000004,0.42105263,9.90625,1,1.0,1.0,1.0,9.90625,1.0,1.0,9.90625,1.0,1.0,9.90625,1.0,1.0,9.90625,1.0,1.0,9.90625,1.0,1.0,9.90625,1.0,1.0,9.90625,1.0,1.0,9.90625,1.0,1.0,9.90625,9.90625,1.0,9.90625,1.0,Sampled and done,Health Post,Public,Health Post,Rural
54,1,10,public,0.3030303,17.90625,0.6666667,17.90625,1,1.0,1.0,1.0,17.90625,1.0,1.0,17.90625,1.0,1.0,17.90625,1.0,1.0,17.90625,1.0,1.0,17.90625,1.0,1.0,17.90625,1.0,1.0,17.90625,1.0,1.0,17.90625,1.0,1.0,17.90625,17.90625,1.0,17.90625,1.0,Sampled and done,Health Post,Public,Health Post,Rural
55,1,10,public,0.3030303,17.90625,0.6666667,17.90625,1,1.0,1.0,1.0,17.90625,1.0,1.0,17.90625,1.0,1.0,17.90625,1.0,1.0,17.90625,1.0,1.0,17.90625,1.0,1.0,17.90625,1.0,1.0,17.90625,1.0,1.0,17.90625,1.0,1.0,17.90625,17.90625,1.0,17.90625,1.0,Sampled and done,Health Post,Public,Health Post,Rural
57,1,10,public,0.3030303,17.90625,0.6666667,17.90625,1,1.0,1.0,1.0,17.90625,1.0,1.0,17.90625,1.0,1.0,17.90625,1.0,1.0,17.90625,1.0,1.0,17.90625,1.0,1.0,17.90625,1.0,1.0,17.90625,1.0,1.0,17.90625,1.0,1.0,17.90625,17.90625,1.0,17.90625,1.0,Sampled and done,Health Post,Public,Health Post,Rural
58,1,10,public,0.3030303,17.90625,0.6666667,17.90625,1,1.0,1.0,1.0,17.90625,1.0,1.0,17.90625,1.0,1.0,17.90625,1.0,1.0,17.90625,1.0,1.0,17.90625,1.0,1.0,17.90625,1.0,1.0,17.90625,1.0,1.0,17.90625,1.0,1.0,17.90625,17.90625,1.0,17.90625,1.0,Sampled and done,Health Post,Public,Health Post,Rural
59,1,10,public,0.3030303,17.90625,0.6666667,17.90625,1,1.0,1.0,1.0,17.90625,1.0,1.0,17.90625,1.0,1.0,17.90625,1.0,1.0,17.90625,1.0,1.0,17.90625,1.0,1.0,17.90625,1.0,1.0,17.90625,1.0,1.0,17.90625,1.0,1.0,17.90625,17.90625,1.0,17.90625,1.0,Sampled and done,Health Post,Public,Health Post,Rural
60,1,10,public,0.3030303,17.90625,0.6666667,17.90625,1,1.0,1.0,1.0,17.90625,1.0,1.0,17.90625,1.0,1.0,17.90625,1.0,1.0,17.90625,1.0,1.0,17.90625,1.0,1.0,17.90625,1.0,1.0,17.90625,1.0,1.0,17.90625,1.0,1.0,17.90625,17.90625,1.0,17.90625,1.0,Sampled and done,Health Post,Public,Health Post,Rural
61,1,10,public,0.3030303,17.90625,0.6666667,35.8125,1,0.5,1.0,1.0,17.90625,1.0,1.0,17.90625,1.0,1.0,17.90625,1.0,1.0,17.90625,1.0,1.0,17.90625,1.0,1.0,17.90625,1.0,1.0,17.90625,1.0,1.0,17.90625,1.0,1.0,17.90625,17.90625,1.0,17.90625,1.0,Sampled and done,Health Post,Public,Health Post,Rural
62,1,25,public,0.3030303,17.03125,0.07619048,17.03125,1,1.0,1.0,1.0,17.03125,1.0,1.0,17.03125,1.0,1.0,17.03125,1.0,1.0,17.03125,1.0,1.0,17.03125,1.0,1.0,17.03125,1.0,1.0,17.03125,1.0,1.0,17.03125,1.0,1.0,17.03125,17.03125,1.0,17.03125,1.0,Sampled and done,Health Post,Public,Health Post,Rural
63,1,25,public,0.3030303,17.03125,0.07619048,17.03125,1,1.0,1.0,1.0,17.03125,1.0,1.0,17.03125,1.0,1.0,17.03125,1.0,1.0,17.03125,1.0,1.0,17.03125,1.0,1.0,17.03125,1.0,1.0,17.03125,1.0,1.0,17.03125,1.0,1.0,17.03125,17.03125,1.0,17.03125,1.0,Sampled and done,Health Post,Public,Health Post,Rural
64,1,25,public,0.3030303,17.03125,0.07619048,17.03125,1,1.0,1.0,1.0,17.03125,1.0,1.0,17.03125,1.0,1.0,17.03125,1.0,1.0,17.03125,1.0,1.0,17.03125,1.0,1.0,17.03125,1.0,1.0,17.03125,1.0,1.0,17.03125,1.0,1.0,17.03125,17.03125,1.0,17.03125,1.0,Sampled and done,Health Post,Public,Health Post,Rural
65,1,25,public,0.3030303,17.03125,0.07619048,85.15625,1,0.2,1.0,1.0,17.03125,1.0,1.0,17.03125,1.0,1.0,17.03125,1.0,1.0,17.03125,1.0,1.0,17.03125,1.0,1.0,17.03125,1.0,1.0,17.03125,1.0,1.0,17.03125,1.0,1.0,17.03125,17.03125,1.0,17.03125,1.0,Sampled and done,Health Post,Public,Health Center,Rural
66,1,25,public,0.3030303,17.03125,0.07619048,17.03125,1,1.0,1.0,1.0,17.03125,1.0,1.0,17.03125,1.0,1.0,17.03125,1.0,1.0,17.03125,1.0,1.0,17.03125,1.0,1.0,17.03125,1.0,1.0,17.03125,1.0,1.0,17.03125,1.0,1.0,17.03125,17.03125,1.0,17.03125,1.0,Sampled and done,Health Post,Public,Health Post,Rural
67,1,25,public,0.3030303,17.03125,0.07619048,17.03125,1,1.0,1.0,1.0,17.03125,1.0,1.0,17.03125,1.0,1.0,17.03125,1.0,1.0,17.03125,1.0,1.0,17.03125,1.0,1.0,17.03125,1.0,1.0,17.03125,1.0,1.0,17.03125,1.0,1.0,17.03125,17.03125,1.0,17.03125,1.0,Sampled and done,Health Post,Public,Health Post,Rural
69,1,45,public,0.3030303,12.40625,0.11764706,37.21875,1,0.33333334,1.0,1.0,12.40625,1.0,1.0,12.40625,1.0,1.0,12.40625,1.0,1.0,12.40625,1.0,1.0,12.40625,1.0,1.0,12.40625,1.0,1.0,12.40625,1.0,1.0,12.40625,1.0,1.0,12.40625,12.40625,1.0,12.40625,1.0,Sampled and done,Health Post,Public,Health Post,Rural
70,1,45,public,0.3030303,12.40625,0.11764706,24.8125,1,0.5,1.0,1.0,12.40625,1.0,1.0,12.40625,1.0,1.0,12.40625,1.0,1.0,12.40625,1.0,1.0,12.40625,1.0,1.0,12.40625,1.0,1.0,12.40625,1.0,1.0,12.40625,1.0,1.0,12.40625,12.40625,1.0,12.40625,1.0,Sampled and done,Health Post,Public,Health Post,Rural
71,1,45,public,0.3030303,12.40625,0.11764706,24.8125,1,0.5,1.0,1.0,12.40625,1.0,1.0,12.40625,1.0,1.0,12.40625,1.0,1.0,12.40625,1.0,1.0,12.40625,1.0,1.0,12.40625,1.0,1.0,12.40625,1.0,1.0,12.40625,1.0,1.0,12.40625,12.40625,1.0,12.40625,1.0,Sampled and done,Health Post,Public,Health Post,Rural
72,1,45,public,0.3030303,12.40625,0.11764706,24.8125,1,0.5,1.0,1.0,12.40625,1.0,1.0,12.40625,1.0,1.0,12.40625,1.0,1.0,12.40625,1.0,1.0,12.40625,1.0,1.0,12.40625,1.0,1.0,12.40625,1.0,1.0,12.40625,1.0,1.0,12.40625,12.40625,1.0,12.40625,1.0,Sampled and done,Health Post,Public,Health Post,Rural
73,1,45,public,0.3030303,12.40625,0.11764706,12.40625,1,1.0,1.0,1.0,12.40625,1.0,1.0,12.40625,1.0,1.0,12.40625,1.0,1.0,12.40625,1.0,1.0,12.40625,1.0,1.0,12.40625,1.0,1.0,12.40625,1.0,1.0,12.40625,1.0,1.0,12.40625,12.40625,1.0,12.40625,1.0,Sampled and done,Health Post,Public,Health Post,Rural
74,1,45,public,0.3030303,12.40625,0.11764706,12.40625,1,1.0,1.0,1.0,12.40625,1.0,1.0,12.40625,1.0,1.0,12.40625,1.0,1.0,12.40625,1.0,1.0,12.40625,1.0,1.0,12.40625,1.0,1.0,12.40625,1.0,1.0,12.40625,1.0,1.0,12.40625,12.40625,1.0,12.40625,1.0,Sampled and done,Health Post,Public,Health Post,Rural
75,1,45,public,0.3030303,12.40625,0.11764706,24.8125,1,0.5,1.0,1.0,12.40625,1.0,1.0,12.40625,1.0,1.0,12.40625,1.0,1.0,12.40625,1.0,1.0,12.40625,1.0,1.0,12.40625,1.0,1.0,12.40625,1.0,1.0,12.40625,1.0,1.0,12.40625,12.40625,1.0,12.40625,1.0,Sampled and done,Health Post,Public,Health Post,Rural
76,1,45,public,0.3030303,12.40625,0.11764706,12.40625,1,1.0,1.0,1.0,12.40625,1.0,1.0,12.40625,1.0,1.0,12.40625,1.0,1.0,12.40625,1.0,1.0,12.40625,1.0,1.0,12.40625,1.0,1.0,12.40625,1.0,1.0,12.40625,1.0,1.0,12.40625,12.40625,1.0,12.40625,1.0,Sampled and done,Health Post,Public,Health Post,Rural
77,3,801,private,0.25,2.0850169403876846,0.2580645,33.36027,1,0.0625,1.0,1.0,2.085017,1.0,1.0,2.085017,1.0,1.0,2.085017,1.0,1.0,2.085017,1.0,1.0,2.085017,1.0,1.0,2.085017,1.0,1.0,2.085017,1.0,1.0,2.085017,1.0,1.0,2.085017,2.085017,1.0,2.085017,1.0,Sampled and done,Health Center,Private,Health Center,Urban
78,1,13,public,0.3030303,44.875,0.27586207,179.5,1,0.25,1.0,1.0,44.875,1.0,1.0,44.875,1.0,1.0,44.875,1.0,1.0,44.875,1.0,1.0,44.875,1.0,1.0,44.875,1.0,1.0,44.875,1.0,1.0,44.875,1.0,1.0,44.875,44.875,1.0,44.875,1.0,Sampled and done,Health Post,Public,Health Center,Rural
79,1,13,public,0.3030303,44.875,0.27586207,44.875,1,1.0,1.0,1.0,44.875,1.0,1.0,44.875,1.0,1.0,44.875,1.0,1.0,44.875,1.0,1.0,44.875,1.0,1.0,44.875,1.0,1.0,44.875,1.0,1.0,44.875,1.0,1.0,44.875,44.875,1.0,44.875,1.0,Sampled and done,Health Post,Public,Health Post,Rural
80,1,13,public,0.3030303,44.875,0.27586207,44.875,1,1.0,1.0,1.0,44.875,1.0,1.0,44.875,1.0,1.0,44.875,1.0,1.0,44.875,1.0,1.0,44.875,1.0,1.0,44.875,1.0,1.0,44.875,1.0,1.0,44.875,1.0,1.0,44.875,44.875,1.0,44.875,1.0,Sampled and done,Health Post,Public,Health Post,Rural
81,1,13,public,0.3030303,44.875,0.27586207,44.875,1,1.0,1.0,1.0,44.875,1.0,1.0,44.875,1.0,1.0,44.875,1.0,1.0,44.875,1.0,1.0,44.875,1.0,1.0,44.875,1.0,1.0,44.875,1.0,1.0,44.875,1.0,1.0,44.875,44.875,1.0,44.875,1.0,Sampled and done,Health Post,Public,Health Post,Rural
82,1,13,public,0.3030303,44.875,0.27586207,44.875,1,1.0,1.0,1.0,44.875,1.0,1.0,44.875,1.0,1.0,44.875,1.0,1.0,44.875,1.0,1.0,44.875,1.0,1.0,44.875,1.0,1.0,44.875,1.0,1.0,44.875,1.0,1.0,44.875,44.875,1.0,44.875,1.0,Sampled and done,Health Post,Public,Health Post,Rural
84,1,13,public,0.3030303,44.875,0.27586207,44.875,1,1.0,1.0,1.0,44.875,1.0,1.0,44.875,1.0,1.0,44.875,1.0,1.0,44.875,1.0,1.0,44.875,1.0,1.0,44.875,1.0,1.0,44.875,1.0,1.0,44.875,1.0,1.0,44.875,44.875,1.0,44.875,1.0,Sampled and done,Health Post,Public,Health Post,Rural
86,2,1013,public,0.36363637,6.31388888888889,0.22857143,31.569445,1,0.2,1.0,1.0,6.313889,1.0,1.0,6.313889,1.0,1.0,6.313889,1.0,1.0,6.313889,1.0,1.0,6.313889,1.0,1.0,6.313889,1.0,1.0,6.313889,1.0,1.0,6.313889,1.0,1.0,6.313889,6.313889,1.0,6.313889,1.0,Sampled and done,Health Center,Public,Health Center,Rural
87,1,2002,public,0.3030303,3.0625,0.6666667,3.0625,1,1.0,1.0,1.0,3.0625,1.0,1.0,3.0625,1.0,1.0,3.0625,1.0,1.0,3.0625,1.0,1.0,3.0625,1.0,1.0,3.0625,1.0,1.0,3.0625,1.0,1.0,3.0625,1.0,1.0,3.0625,3.0625,1.0,3.0625,1.0,Sampled and done,Health Post,Public,Health Post,Rural
88,1,2002,public,0.3030303,3.0625,0.6666667,9.1875,1,0.33333334,1.0,1.0,3.0625,1.0,1.0,3.0625,1.0,1.0,3.0625,1.0,1.0,3.0625,1.0,1.0,3.0625,1.0,1.0,3.0625,1.0,1.0,3.0625,1.0,1.0,3.0625,1.0,1.0,3.0625,3.0625,1.0,3.0625,1.0,Sampled and done,Health Post,Public,Health Post,Rural
89,1,2002,public,0.3030303,1.487376922583087,0.6666667,2.9747539,1,0.5,1.0,1.0,1.4873769,1.0,1.0,1.4873769,1.0,1.0,1.4873769,1.0,1.0,1.4873769,1.0,1.0,1.4873769,1.0,1.0,1.4873769,1.0,1.0,1.4873769,1.0,1.0,1.4873769,1.0,1.0,1.4873769,1.4873769,1.0,1.4873769,1.0,Sampled and done,Health Post,Public,Health Post,Rural
90,1,2002,public,0.3030303,1.487376922583087,0.6666667,1.4873769,1,1.0,1.0,1.0,1.4873769,1.0,1.0,1.4873769,1.0,1.0,1.4873769,1.0,1.0,1.4873769,1.0,1.0,1.4873769,1.0,1.0,1.4873769,1.0,1.0,1.4873769,1.0,1.0,1.4873769,1.0,1.0,1.4873769,1.4873769,1.0,1.4873769,1.0,Sampled and done,Health Post,Public,Health Post,Rural
91,1,2002,public,0.3030303,1.487376922583087,0.6666667,1.4873769,1,1.0,1.0,1.0,1.4873769,1.0,1.0,1.4873769,1.0,1.0,1.4873769,1.0,1.0,1.4873769,1.0,1.0,1.4873769,1.0,1.0,1.4873769,1.0,1.0,1.4873769,1.0,1.0,1.4873769,1.0,1.0,1.4873769,1.4873769,1.0,1.4873769,1.0,Sampled and done,Health Post,Public,Health Post,Rural
92,1,2002,public,0.3030303,1.487376922583087,0.6666667,1.4873769,1,1.0,1.0,1.0,1.4873769,1.0,1.0,1.4873769,1.0,1.0,1.4873769,1.0,1.0,1.4873769,1.0,1.0,1.4873769,1.0,1.0,1.4873769,1.0,1.0,1.4873769,1.0,1.0,1.4873769,1.0,1.0,1.4873769,1.4873769,1.0,1.4873769,1.0,Sampled and done,Health Post,Public,Health Post,Rural
93,1,2002,public,0.3030303,1.487376922583087,0.6666667,1.4873769,1,1.0,1.0,1.0,1.4873769,1.0,1.0,1.4873769,1.0,1.0,1.4873769,1.0,1.0,1.4873769,1.0,1.0,1.4873769,1.0,1.0,1.4873769,1.0,1.0,1.4873769,1.0,1.0,1.4873769,1.0,1.0,1.4873769,1.4873769,1.0,1.4873769,1.0,Sampled and done,Health Post,Public,Health Post,Rural
94,1,2002,public,0.3030303,1.9959974365558846,0.6666667,1.9959974,1,1.0,1.0,1.0,1.9959974,1.0,1.0,1.9959974,1.0,1.0,1.9959974,1.0,1.0,1.9959974,1.0,1.0,1.9959974,1.0,1.0,1.9959974,1.0,1.0,1.9959974,1.0,1.0,1.9959974,1.0,1.0,1.9959974,1.9959974,1.0,1.9959974,1.0,Sampled and done,Health Post,Public,Health Post,Rural
95,1,2002,public,0.3030303,1.487376922583087,0.6666667,1.4873769,1,1.0,1.0,1.0,1.4873769,1.0,1.0,1.4873769,1.0,1.0,1.4873769,1.0,1.0,1.4873769,1.0,1.0,1.4873769,1.0,1.0,1.4873769,1.0,1.0,1.4873769,1.0,1.0,1.4873769,1.0,1.0,1.4873769,1.4873769,1.0,1.4873769,1.0,Sampled and done,Health Post,Public,Health Post,Rural
96,1,2002,public,0.3030303,1.9959974365558846,0.6666667,9.979987,1,0.2,1.0,1.0,1.9959974,1.0,1.0,1.9959974,1.0,1.0,1.9959974,1.0,1.0,1.9959974,1.0,1.0,1.9959974,1.0,1.0,1.9959974,1.0,1.0,1.9959974,1.0,1.0,1.9959974,1.0,1.0,1.9959974,1.9959974,1.0,1.9959974,1.0,Sampled and done,Health Post,Public,Health Center,Rural
97,1,2002,public,0.3030303,1.9959974365558846,0.6666667,3.9919949,1,0.5,1.0,1.0,1.9959974,1.0,1.0,1.9959974,1.0,1.0,1.9959974,1.0,1.0,1.9959974,1.0,1.0,1.9959974,1.0,1.0,1.9959974,1.0,1.0,1.9959974,1.0,1.0,1.9959974,1.0,1.0,1.9959974,1.9959974,1.0,1.9959974,1.0,Sampled and done,Health Post,Public,Health Post,Rural
98,1,2002,public,0.3030303,1.487376922583087,0.6666667,1.4873769,1,1.0,1.0,1.0,1.4873769,1.0,1.0,1.4873769,1.0,1.0,1.4873769,1.0,1.0,1.4873769,1.0,1.0,1.4873769,1.0,1.0,1.4873769,1.0,1.0,1.4873769,1.0,1.0,1.4873769,1.0,1.0,1.4873769,1.4873769,1.0,1.4873769,1.0,Sampled and done,Health Post,Public,Health Post,Rural
99,1,2002,public,0.3030303,1.9959974365558846,0.6666667,1.9959974,1,1.0,1.0,1.0,1.9959974,1.0,1.0,1.9959974,1.0,1.0,1.9959974,1.0,1.0,1.9959974,1.0,1.0,1.9959974,1.0,1.0,1.9959974,1.0,1.0,1.9959974,1.0,1.0,1.9959974,1.0,1.0,1.9959974,1.9959974,1.0,1.9959974,1.0,Sampled and done,Health Post,Public,Health Post,Rural
100,1,2002,public,0.3030303,1.487376922583087,0.6666667,1.4873769,1,1.0,1.0,1.0,1.4873769,1.0,1.0,1.4873769,1.0,1.0,1.4873769,1.0,1.0,1.4873769,1.0,1.0,1.4873769,1.0,1.0,1.4873769,1.0,1.0,1.4873769,1.0,1.0,1.4873769,1.0,1.0,1.4873769,1.4873769,1.0,1.4873769,1.0,Sampled and done,Health Post,Public,Health Post,Rural
101,1,2002,public,0.3030303,1.9959974365558846,0.6666667,3.9919949,1,0.5,1.0,1.0,1.9959974,1.0,1.0,1.9959974,1.0,1.0,1.9959974,1.0,1.0,1.9959974,1.0,1.0,1.9959974,1.0,1.0,1.9959974,1.0,1.0,1.9959974,1.0,1.0,1.9959974,1.0,1.0,1.9959974,1.9959974,1.0,1.9959974,1.0,Sampled and done,Health Post,Public,Health Post,Rural
102,1,2002,public,0.3030303,1.9959974365558846,0.6666667,1.9959974,1,1.0,1.0,1.0,1.9959974,1.0,1.0,1.9959974,1.0,1.0,1.9959974,1.0,1.0,1.9959974,1.0,1.0,1.9959974,1.0,1.0,1.9959974,1.0,1.0,1.9959974,1.0,1.0,1.9959974,1.0,1.0,1.9959974,1.9959974,1.0,1.9959974,1.0,Sampled and done,Health Post,Public,Health Post,Rural
103,1,708,public,0.3030303,2.401392529818419,0.5423729,2.4013925,1,1.0,1.0,1.0,2.4013925,1.0,1.0,2.4013925,1.0,1.0,2.4013925,1.0,1.0,2.4013925,1.0,1.0,2.4013925,1.0,1.0,2.4013925,1.0,1.0,2.4013925,1.0,1.0,2.4013925,1.0,1.0,2.4013925,2.4013925,1.0,2.4013925,1.0,Sampled and done,Health Post,Public,Health Post,Rural
104,1,708,public,0.3030303,2.021684393258504,0.5423729,2.0216844,1,1.0,1.0,1.0,2.0216844,1.0,1.0,2.0216844,1.0,1.0,2.0216844,1.0,1.0,2.0216844,1.0,1.0,2.0216844,1.0,1.0,2.0216844,1.0,1.0,2.0216844,1.0,1.0,2.0216844,1.0,1.0,2.0216844,2.0216844,1.0,2.0216844,1.0,Sampled and done,Health Post,Public,Health Post,Rural
106,1,708,public,0.3030303,2.401392529818419,0.5423729,14.408355,1,0.16666667,1.0,1.0,2.4013925,1.0,1.0,2.4013925,1.0,1.0,2.4013925,1.0,1.0,2.4013925,1.0,1.0,2.4013925,1.0,1.0,2.4013925,1.0,1.0,2.4013925,1.0,1.0,2.4013925,1.0,1.0,2.4013925,2.4013925,1.0,2.4013925,1.0,Sampled and done,Health Post,Public,Health Post,Rural
108,1,708,public,0.3030303,2.4083537619210644,0.5423729,2.4083538,1,1.0,1.0,1.0,2.4083538,1.0,1.0,2.4083538,1.0,1.0,2.4083538,1.0,1.0,2.4083538,1.0,1.0,2.4083538,1.0,1.0,2.4083538,1.0,1.0,2.4083538,1.0,1.0,2.4083538,1.0,1.0,2.4083538,2.4083538,1.0,2.4083538,1.0,Sampled and done,Health Post,Public,Health Post,Rural
110,1,708,public,0.3030303,2.017198492054547,0.5423729,8.068794,1,0.25,1.0,1.0,2.0171986,1.0,1.0,2.0171986,1.0,1.0,2.0171986,1.0,1.0,2.0171986,1.0,1.0,2.0171986,1.0,1.0,2.0171986,1.0,1.0,2.0171986,1.0,1.0,2.0171986,1.0,1.0,2.0171986,2.0171986,1.0,2.0171986,1.0,Sampled and done,Health Post,Public,Health Post,Rural
112,1,708,public,0.3030303,2.7090631306397746,0.5423729,16.25438,1,0.16666667,1.0,1.0,2.709063,1.0,1.0,2.709063,1.0,1.0,2.709063,1.0,1.0,2.709063,1.0,1.0,2.709063,1.0,1.0,2.709063,1.0,1.0,2.709063,1.0,1.0,2.709063,1.0,1.0,2.709063,2.709063,1.0,2.709063,1.0,Sampled and done,Health Post,Public,Health Center,Rural
113,1,708,public,0.3030303,2.017198492054547,0.5423729,4.034397,1,0.5,1.0,1.0,2.0171986,1.0,1.0,2.0171986,1.0,1.0,2.0171986,1.0,1.0,2.0171986,1.0,1.0,2.0171986,1.0,1.0,2.0171986,1.0,1.0,2.0171986,1.0,1.0,2.0171986,1.0,1.0,2.0171986,2.0171986,1.0,2.0171986,1.0,Sampled and done,Health Post,Public,Health Post,Rural
114,1,708,public,0.3030303,2.017198492054547,0.5423729,8.068794,1,0.25,1.0,1.0,2.0171986,1.0,1.0,2.0171986,1.0,1.0,2.0171986,1.0,1.0,2.0171986,1.0,1.0,2.0171986,1.0,1.0,2.0171986,1.0,1.0,2.0171986,1.0,1.0,2.0171986,1.0,1.0,2.0171986,2.0171986,1.0,2.0171986,1.0,Sampled and done,Health Post,Public,Health Post,Rural
115,1,708,public,0.3030303,2.7090631306397746,0.5423729,5.418126,1,0.5,1.0,1.0,2.709063,1.0,1.0,2.709063,1.0,1.0,2.709063,1.0,1.0,2.709063,1.0,1.0,2.709063,1.0,1.0,2.709063,1.0,1.0,2.709063,1.0,1.0,2.709063,1.0,1.0,2.709063,2.709063,1.0,2.709063,1.0,Sampled and done,Health Post,Public,Health Post,Rural
116,1,708,public,0.3030303,2.7090631306397746,0.5423729,2.709063,1,1.0,1.0,1.0,2.709063,1.0,1.0,2.709063,1.0,1.0,2.709063,1.0,1.0,2.709063,1.0,1.0,2.709063,1.0,1.0,2.709063,1.0,1.0,2.709063,1.0,1.0,2.709063,1.0,1.0,2.709063,2.709063,1.0,2.709063,1.0,Sampled and done,Health Post,Public,Health Post,Rural
117,1,708,public,0.3030303,2.7090631306397746,0.5423729,8.12719,1,0.33333334,1.0,1.0,2.709063,1.0,1.0,2.709063,1.0,1.0,2.709063,1.0,1.0,2.709063,1.0,1.0,2.709063,1.0,1.0,2.709063,1.0,1.0,2.709063,1.0,1.0,2.709063,1.0,1.0,2.709063,2.709063,1.0,2.709063,1.0,Sampled and done,Health Post,Public,Health Post,Rural
118,1,708,public,0.3030303,2.7090631306397746,0.5423729,5.418126,1,0.5,1.0,1.0,2.709063,1.0,1.0,2.709063,1.0,1.0,2.709063,1.0,1.0,2.709063,1.0,1.0,2.709063,1.0,1.0,2.709063,1.0,1.0,2.709063,1.0,1.0,2.709063,1.0,1.0,2.709063,2.709063,1.0,2.709063,1.0,Sampled and done,Health Post,Public,Health Post,Rural
119,1,708,public,0.3030303,2.4083537619210644,0.5423729,4.8167076,1,0.5,1.0,1.0,2.4083538,1.0,1.0,2.4083538,1.0,1.0,2.4083538,1.0,1.0,2.4083538,1.0,1.0,2.4083538,1.0,1.0,2.4083538,1.0,1.0,2.4083538,1.0,1.0,2.4083538,1.0,1.0,2.4083538,2.4083538,1.0,2.4083538,1.0,Sampled and done,Health Post,Public,Health Post,Rural
120,1,708,public,0.3030303,2.017198492054547,0.5423729,4.034397,1,0.5,1.0,1.0,2.0171986,1.0,1.0,2.0171986,1.0,1.0,2.0171986,1.0,1.0,2.0171986,1.0,1.0,2.0171986,1.0,1.0,2.0171986,1.0,1.0,2.0171986,1.0,1.0,2.0171986,1.0,1.0,2.0171986,2.0171986,1.0,2.0171986,1.0,Sampled and done,Health Post,Public,Health Post,Rural
121,1,708,public,0.3030303,2.017198492054547,0.5423729,2.0171986,1,1.0,1.0,1.0,2.0171986,1.0,1.0,2.0171986,1.0,1.0,2.0171986,1.0,1.0,2.0171986,1.0,1.0,2.0171986,1.0,1.0,2.0171986,1.0,1.0,2.0171986,1.0,1.0,2.0171986,1.0,1.0,2.0171986,2.0171986,1.0,2.0171986,1.0,Sampled and done,Health Post,Public,Health Post,Rural
122,1,708,public,0.3030303,2.4083537619210644,0.5423729,0.0,1,0.5,1.0,1.0,2.4083538,1.0,1.0,2.4083538,1.0,1.0,2.4083538,1.0,1.0,2.4083538,1.0,1.0,2.4083538,1.0,1.0,2.4083538,1.0,1.0,2.4083538,1.0,1.0,2.4083538,1.0,1.0,2.4083538,2.4083538,1.0,2.4083538,1.0,Sampled and done,Health Post,Public,Health Post,Rural
123,1,708,public,0.3030303,2.4083537619210644,0.5423729,2.4083538,1,1.0,1.0,1.0,2.4083538,1.0,1.0,2.4083538,1.0,1.0,2.4083538,1.0,1.0,2.4083538,1.0,1.0,2.4083538,1.0,1.0,2.4083538,1.0,1.0,2.4083538,1.0,1.0,2.4083538,1.0,1.0,2.4083538,2.4083538,1.0,2.4083538,1.0,Sampled and done,Health Post,Public,Health Post,Rural
124,1,708,public,0.3030303,2.4083537619210644,0.5423729,2.4083538,1,1.0,1.0,1.0,2.4083538,1.0,1.0,2.4083538,1.0,1.0,2.4083538,1.0,1.0,2.4083538,1.0,1.0,2.4083538,1.0,1.0,2.4083538,1.0,1.0,2.4083538,1.0,1.0,2.4083538,1.0,1.0,2.4083538,2.4083538,1.0,2.4083538,1.0,Sampled and done,Health Post,Public,Health Post,Rural
125,1,708,public,0.3030303,2.017198492054547,0.5423729,2.0171986,1,1.0,1.0,1.0,2.0171986,1.0,1.0,2.0171986,1.0,1.0,2.0171986,1.0,1.0,2.0171986,1.0,1.0,2.0171986,1.0,1.0,2.0171986,1.0,1.0,2.0171986,1.0,1.0,2.0171986,1.0,1.0,2.0171986,2.0171986,1.0,2.0171986,1.0,Sampled and done,Health Post,Public,Health Post,Rural
126,1,708,public,0.3030303,2.4083537619210644,0.5423729,0.0,1,1.0,1.0,1.0,2.4083538,1.0,1.0,2.4083538,1.0,1.0,2.4083538,1.0,1.0,2.4083538,1.0,1.0,2.4083538,1.0,1.0,2.4083538,1.0,1.0,2.4083538,1.0,1.0,2.4083538,1.0,1.0,2.4083538,2.4083538,1.0,2.4083538,1.0,Sampled and done,Health Post,Public,Health Post,Rural
127,1,41,public,0.3030303,1.89010989010989,0.7,3.7802198,1,0.5,1.0,1.0,1.8901099,1.0,1.0,1.8901099,1.0,1.0,1.8901099,1.0,1.0,1.8901099,1.0,1.0,1.8901099,1.0,1.0,1.8901099,1.0,1.0,1.8901099,1.0,1.0,1.8901099,1.0,1.0,1.8901099,1.8901099,1.0,1.8901099,1.0,Sampled and done,Health Post,Public,Health Post,Rural
129,1,41,public,0.3030303,1.89010989010989,0.7,1.8901099,1,1.0,1.0,1.0,1.8901099,1.0,1.0,1.8901099,1.0,1.0,1.8901099,1.0,1.0,1.8901099,1.0,1.0,1.8901099,1.0,1.0,1.8901099,1.0,1.0,1.8901099,1.0,1.0,1.8901099,1.0,1.0,1.8901099,1.8901099,1.0,1.8901099,1.0,Sampled and done,Health Post,Public,Health Post,Rural
130,1,41,public,0.3030303,1.89010989010989,0.7,1.8901099,1,1.0,1.0,1.0,1.8901099,1.0,1.0,1.8901099,1.0,1.0,1.8901099,1.0,1.0,1.8901099,1.0,1.0,1.8901099,1.0,1.0,1.8901099,1.0,1.0,1.8901099,1.0,1.0,1.8901099,1.0,1.0,1.8901099,1.8901099,1.0,1.8901099,1.0,Sampled and done,Health Post,Public,Health Post,Rural
131,1,41,public,0.3030303,1.89010989010989,0.7,1.8901099,1,1.0,1.0,1.0,1.8901099,1.0,1.0,1.8901099,1.0,1.0,1.8901099,1.0,1.0,1.8901099,1.0,1.0,1.8901099,1.0,1.0,1.8901099,1.0,1.0,1.8901099,1.0,1.0,1.8901099,1.0,1.0,1.8901099,1.8901099,1.0,1.8901099,1.0,Sampled and done,Health Post,Public,Health Post,Rural
132,1,41,public,0.3030303,1.89010989010989,0.7,1.8901099,1,1.0,1.0,1.0,1.8901099,1.0,1.0,1.8901099,1.0,1.0,1.8901099,1.0,1.0,1.8901099,1.0,1.0,1.8901099,1.0,1.0,1.8901099,1.0,1.0,1.8901099,1.0,1.0,1.8901099,1.0,1.0,1.8901099,1.8901099,1.0,1.8901099,1.0,Sampled and done,Health Post,Public,Health Post,Rural
134,1,41,public,0.3030303,1.89010989010989,0.7,1.8901099,1,1.0,1.0,1.0,1.8901099,1.0,1.0,1.8901099,1.0,1.0,1.8901099,1.0,1.0,1.8901099,1.0,1.0,1.8901099,1.0,1.0,1.8901099,1.0,1.0,1.8901099,1.0,1.0,1.8901099,1.0,1.0,1.8901099,1.8901099,1.0,1.8901099,1.0,Sampled and done,Health Post,Public,Health Post,Rural
135,2,303,private,0.36363637,22.0,0.26666668,44.0,1,0.5,1.0,1.0,22.0,1.0,1.0,22.0,1.0,1.0,22.0,1.0,1.0,22.0,1.0,1.0,22.0,1.0,1.0,22.0,1.0,1.0,22.0,1.0,1.0,22.0,1.0,1.0,22.0,22.0,1.0,22.0,1.0,Sampled and done,Health Center,Private,Health Center,Rural
136,2,51,private,0.36363637,6.0,0.6,18.0,1,0.33333334,1.0,1.0,6.0,1.0,1.0,6.0,1.0,1.0,6.0,1.0,1.0,6.0,1.0,1.0,6.0,1.0,1.0,6.0,1.0,1.0,6.0,1.0,1.0,6.0,1.0,1.0,6.0,6.0,1.0,6.0,1.0,Sampled and done,Health Center,Private,Health Center,Rural
137,3,1009,private,0.25,1.26422455294602,0.5925926,6.3211226,1,0.2,1.0,1.0,1.2642245,1.0,1.0,1.2642245,1.0,1.0,1.2642245,1.0,1.0,1.2642245,1.0,1.0,1.2642245,1.0,1.0,1.2642245,1.0,1.0,1.2642245,1.0,1.0,1.2642245,1.0,1.0,1.2642245,1.2642245,1.0,1.2642245,1.0,Sampled and done,Health Center,Private,Health Center,Urban
138,3,1009,private,0.25,1.7085576862069671,0.5925926,15.377019,1,0.11111111,1.0,1.0,1.7085577,1.0,1.0,1.7085577,1.0,1.0,1.7085577,1.0,1.0,1.7085577,1.0,1.0,1.7085577,1.0,1.0,1.7085577,1.0,1.0,1.7085577,1.0,1.0,1.7085577,1.0,1.0,1.7085577,1.7085577,1.0,1.7085577,1.0,Sampled and done,Health Center,Private,Health Center,Urban
139,3,1009,private,0.25,1.26422455294602,0.5925926,31.605614,1,0.04,0.5,0.5,2.528449,0.5,0.5,2.528449,0.5,0.5,2.528449,0.5,0.5,2.528449,0.5,0.5,2.528449,1.0,1.0,1.2642245,1.0,1.0,1.2642245,1.0,1.0,1.2642245,1.0,1.0,1.2642245,2.528449,0.5,1.2642245,1.0,Sampled and done,Health Center,Private,Health Center,Urban
140,3,1009,private,0.25,1.26422455294602,0.5925926,8.849572,1,0.14285715,0.5,0.5,2.528449,0.5,0.5,2.528449,0.5,0.5,2.528449,0.5,0.5,2.528449,0.5,0.5,2.528449,1.0,1.0,1.2642245,1.0,1.0,1.2642245,1.0,1.0,1.2642245,1.0,1.0,1.2642245,2.528449,0.5,1.2642245,1.0,Sampled and done,Health Center,Private,Health Center,Urban
141,3,1009,private,0.25,1.26422455294602,0.5925926,7.585347,1,0.16666667,1.0,1.0,1.2642245,1.0,1.0,1.2642245,1.0,1.0,1.2642245,1.0,1.0,1.2642245,1.0,1.0,1.2642245,1.0,1.0,1.2642245,1.0,1.0,1.2642245,1.0,1.0,1.2642245,1.0,1.0,1.2642245,1.2642245,1.0,1.2642245,1.0,Sampled and done,Health Center,Private,Health Center,Urban
142,3,1009,private,0.25,1.7085576862069671,0.5925926,18.794134,1,0.09090909,0.75,0.75,2.278077,0.75,0.75,2.278077,0.75,0.75,2.278077,0.75,0.75,2.278077,0.75,0.75,2.278077,1.0,1.0,1.7085577,1.0,1.0,1.7085577,1.0,1.0,1.7085577,1.0,1.0,1.7085577,2.278077,0.75,1.7085577,1.0,Sampled and done,Health Center,Private,Health Center,Urban
143,3,1009,private,0.25,1.26422455294602,0.5925926,5.056898,1,0.25,1.0,1.0,1.2642245,1.0,1.0,1.2642245,1.0,1.0,1.2642245,1.0,1.0,1.2642245,1.0,1.0,1.2642245,1.0,1.0,1.2642245,1.0,1.0,1.2642245,1.0,1.0,1.2642245,1.0,1.0,1.2642245,1.2642245,1.0,1.2642245,1.0,Sampled and done,Health Center,Private,Health Center,Urban
144,3,1009,private,0.25,1.26422455294602,0.5925926,40.455185,1,0.03125,0.71428573,0.71428573,1.7699144,0.71428573,0.71428573,1.7699144,0.71428573,0.71428573,1.7699144,0.71428573,0.71428573,1.7699144,0.71428573,0.71428573,1.7699144,1.0,1.0,1.2642245,1.0,1.0,1.2642245,1.0,1.0,1.2642245,1.0,1.0,1.2642245,1.7699144,0.71428573,1.2642245,1.0,Sampled and done,Health Center,Private,,Urban
145,3,1009,private,0.25,1.26422455294602,0.5925926,5.056898,1,0.25,1.0,1.0,1.2642245,1.0,1.0,1.2642245,1.0,1.0,1.2642245,1.0,1.0,1.2642245,1.0,1.0,1.2642245,1.0,1.0,1.2642245,1.0,1.0,1.2642245,1.0,1.0,1.2642245,1.0,1.0,1.2642245,1.2642245,1.0,1.2642245,1.0,Sampled and done,Health Center,Private,Health Center,Urban
147,3,801,private,0.25,2.0850169403876846,0.2580645,10.425085,1,0.2,0.5,0.5,4.170034,0.5,0.5,4.170034,0.5,0.5,4.170034,0.5,0.5,4.170034,0.5,0.5,4.170034,0.5,0.5,4.170034,0.5,0.5,4.170034,0.5,0.5,4.170034,0.5,0.5,4.170034,4.170034,0.5,4.170034,0.5,Sampled and done,Health Center,Private,Health Center,Urban
148,3,801,private,0.25,2.0850169403876846,0.2580645,14.5951185,1,0.14285715,1.0,1.0,2.085017,1.0,1.0,2.085017,1.0,1.0,2.085017,1.0,1.0,2.085017,1.0,1.0,2.085017,1.0,1.0,2.085017,1.0,1.0,2.085017,1.0,1.0,2.085017,1.0,1.0,2.085017,2.085017,1.0,2.085017,1.0,Sampled and done,Health Center,Private,Health Center,Urban
150,3,802,private,0.25,3.0900773600296683,0.44444445,12.36031,1,0.25,1.0,1.0,3.0900774,1.0,1.0,3.0900774,1.0,1.0,3.0900774,1.0,1.0,3.0900774,1.0,1.0,3.0900774,1.0,1.0,3.0900774,1.0,1.0,3.0900774,1.0,1.0,3.0900774,1.0,1.0,3.0900774,3.0900774,1.0,3.0900774,1.0,Sampled and done,Health Center,Private,Health Center,Urban
151,3,802,private,0.25,3.0900773600296683,0.44444445,0.0,1,0.33333334,1.0,1.0,3.0900774,1.0,1.0,3.0900774,1.0,1.0,3.0900774,1.0,1.0,3.0900774,1.0,1.0,3.0900774,1.0,1.0,3.0900774,1.0,1.0,3.0900774,1.0,1.0,3.0900774,1.0,1.0,3.0900774,3.0900774,1.0,3.0900774,1.0,"Sampled, replaced",Health Center,Private,Health Center,Urban
153,3,804,private,0.25,2.073895535350036,0.36363637,55.99518,1,0.037037037,1.0,1.0,2.0738955,1.0,1.0,2.0738955,1.0,1.0,2.0738955,1.0,1.0,2.0738955,1.0,1.0,2.0738955,1.0,1.0,2.0738955,1.0,1.0,2.0738955,1.0,1.0,2.0738955,1.0,1.0,2.0738955,2.0738955,1.0,2.0738955,1.0,Sampled and done,Health Center,Private,Health Center,Urban
154,3,804,private,0.25,2.073895535350036,0.36363637,6.221687,1,0.33333334,1.0,1.0,2.0738955,1.0,1.0,2.0738955,1.0,1.0,2.0738955,1.0,1.0,2.0738955,1.0,1.0,2.0738955,1.0,1.0,2.0738955,1.0,1.0,2.0738955,1.0,1.0,2.0738955,1.0,1.0,2.0738955,2.0738955,1.0,2.0738955,1.0,Sampled and done,Health Center,Private,Health Center,Urban
155,3,804,private,0.25,2.073895535350036,0.36363637,4.147791,1,0.5,1.0,1.0,2.0738955,1.0,1.0,2.0738955,1.0,1.0,2.0738955,1.0,1.0,2.0738955,1.0,1.0,2.0738955,1.0,1.0,2.0738955,1.0,1.0,2.0738955,1.0,1.0,2.0738955,1.0,1.0,2.0738955,2.0738955,1.0,2.0738955,1.0,Sampled and done,Health Center,Private,Health Center,Urban
157,3,804,private,0.25,2.073895535350036,0.36363637,12.443374,1,0.16666667,1.0,1.0,2.0738955,1.0,1.0,2.0738955,1.0,1.0,2.0738955,1.0,1.0,2.0738955,1.0,1.0,2.0738955,1.0,1.0,2.0738955,1.0,1.0,2.0738955,1.0,1.0,2.0738955,1.0,1.0,2.0738955,2.0738955,1.0,2.0738955,1.0,Sampled and done,Health Center,Private,Health Center,Urban
158,3,1015,private,0.25,3.75,0.30769232,41.25,1,0.09090909,0.85714287,0.85714287,4.375,0.85714287,0.85714287,4.375,0.85714287,0.85714287,4.375,0.85714287,0.85714287,4.375,0.85714287,0.85714287,4.375,1.0,1.0,3.75,1.0,1.0,3.75,1.0,1.0,3.75,1.0,1.0,3.75,4.375,0.85714287,3.75,1.0,Sampled and done,Health Center,Private,Health Center,Urban
159,3,1015,private,0.25,3.75,0.30769232,3.75,1,1.0,1.0,1.0,3.75,1.0,1.0,3.75,1.0,1.0,3.75,1.0,1.0,3.75,1.0,1.0,3.75,1.0,1.0,3.75,1.0,1.0,3.75,1.0,1.0,3.75,1.0,1.0,3.75,3.75,1.0,3.75,1.0,Sampled and done,Health Center,Private,Health Center,Urban
162,2,1021,private,0.36363637,3.0000000000000004,0.36842105,3.0,1,1.0,1.0,1.0,3.0,1.0,1.0,3.0,1.0,1.0,3.0,1.0,1.0,3.0,1.0,1.0,3.0,1.0,1.0,3.0,1.0,1.0,3.0,1.0,1.0,3.0,1.0,1.0,3.0,3.0,1.0,3.0,1.0,Sampled and done,Health Center,Private,Health Center,Rural
163,2,1021,private,0.36363637,3.0000000000000004,0.36842105,3.0,1,1.0,1.0,1.0,3.0,1.0,1.0,3.0,1.0,1.0,3.0,1.0,1.0,3.0,1.0,1.0,3.0,1.0,1.0,3.0,1.0,1.0,3.0,1.0,1.0,3.0,1.0,1.0,3.0,3.0,1.0,3.0,1.0,Sampled and done,Health Center,Private,Health Center,Rural
164,3,801,private,0.25,2.0850169403876846,0.2580645,20.85017,1,0.1,0.5,0.5,4.170034,0.5,0.5,4.170034,0.5,0.5,4.170034,0.5,0.5,4.170034,0.5,0.5,4.170034,1.0,1.0,2.085017,1.0,1.0,2.085017,1.0,1.0,2.085017,1.0,1.0,2.085017,4.170034,0.5,2.085017,1.0,Sampled and done,Health Center,Private,Health Center,Urban
166,3,802,private,0.25,3.0900773600296683,0.44444445,18.540464,1,0.16666667,1.0,1.0,3.0900774,1.0,1.0,3.0900774,1.0,1.0,3.0900774,1.0,1.0,3.0900774,1.0,1.0,3.0900774,1.0,1.0,3.0900774,1.0,1.0,3.0900774,1.0,1.0,3.0900774,1.0,1.0,3.0900774,3.0900774,1.0,3.0900774,1.0,Sampled and done,Health Center,Private,Health Center,Urban
169,3,801,private,0.25,2.0850169403876846,0.2580645,25.020203,1,0.083333336,1.0,1.0,2.085017,1.0,1.0,2.085017,1.0,1.0,2.085017,1.0,1.0,2.085017,1.0,1.0,2.085017,1.0,1.0,2.085017,1.0,1.0,2.085017,1.0,1.0,2.085017,1.0,1.0,2.085017,2.085017,1.0,2.085017,1.0,Sampled and done,Health Center,Private,Health Center,Urban
170,3,1015,private,0.25,3.75,0.30769232,26.25,1,0.14285715,1.0,1.0,3.75,1.0,1.0,3.75,1.0,1.0,3.75,1.0,1.0,3.75,1.0,1.0,3.75,1.0,1.0,3.75,1.0,1.0,3.75,1.0,1.0,3.75,1.0,1.0,3.75,3.75,1.0,3.75,1.0,Sampled and done,Health Center,Private,Health Center,Urban
171,1,43,public,0.3030303,6.016502270153728,0.3809524,12.033005,1,0.5,1.0,1.0,6.0165024,1.0,1.0,6.0165024,1.0,1.0,6.0165024,1.0,1.0,6.0165024,1.0,1.0,6.0165024,1.0,1.0,6.0165024,1.0,1.0,6.0165024,1.0,1.0,6.0165024,1.0,1.0,6.0165024,6.0165024,1.0,6.0165024,1.0,Sampled and done,Health Post,Public,Health Center,Rural
172,1,43,public,0.3030303,6.016502270153728,0.3809524,6.0165024,1,1.0,1.0,1.0,6.0165024,1.0,1.0,6.0165024,1.0,1.0,6.0165024,1.0,1.0,6.0165024,1.0,1.0,6.0165024,1.0,1.0,6.0165024,1.0,1.0,6.0165024,1.0,1.0,6.0165024,1.0,1.0,6.0165024,6.0165024,1.0,6.0165024,1.0,Sampled and done,Health Post,Public,Health Post,Rural
173,1,23,public,0.3030303,9.906250000000004,0.42105263,89.15625,1,0.11111111,1.0,1.0,9.90625,1.0,1.0,9.90625,1.0,1.0,9.90625,1.0,1.0,9.90625,1.0,1.0,9.90625,1.0,1.0,9.90625,1.0,1.0,9.90625,1.0,1.0,9.90625,1.0,1.0,9.90625,9.90625,1.0,9.90625,1.0,"Sampled, replaced",Health Post,Public,Health Center,Rural
174,1,25,public,0.3030303,17.03125,0.07619048,34.0625,1,0.5,1.0,1.0,17.03125,1.0,1.0,17.03125,1.0,1.0,17.03125,1.0,1.0,17.03125,1.0,1.0,17.03125,1.0,1.0,17.03125,1.0,1.0,17.03125,1.0,1.0,17.03125,1.0,1.0,17.03125,17.03125,1.0,17.03125,1.0,Sampled and done,Health Post,Public,Health Post,Rural
175,1,25,public,0.3030303,17.03125,0.07619048,17.03125,1,1.0,1.0,1.0,17.03125,1.0,1.0,17.03125,1.0,1.0,17.03125,1.0,1.0,17.03125,1.0,1.0,17.03125,1.0,1.0,17.03125,1.0,1.0,17.03125,1.0,1.0,17.03125,1.0,1.0,17.03125,17.03125,1.0,17.03125,1.0,Sampled and done,Health Post,Public,Health Post,Rural
176,1,708,public,0.3030303,2.021684393258504,0.5423729,4.043369,1,0.5,1.0,1.0,2.0216844,1.0,1.0,2.0216844,1.0,1.0,2.0216844,1.0,1.0,2.0216844,1.0,1.0,2.0216844,1.0,1.0,2.0216844,1.0,1.0,2.0216844,1.0,1.0,2.0216844,1.0,1.0,2.0216844,2.0216844,1.0,2.0216844,1.0,Sampled and done,Health Post,Public,Health Post,Rural
177,1,708,public,0.3030303,2.021684393258504,0.5423729,4.043369,1,0.5,1.0,1.0,2.0216844,1.0,1.0,2.0216844,1.0,1.0,2.0216844,1.0,1.0,2.0216844,1.0,1.0,2.0216844,1.0,1.0,2.0216844,1.0,1.0,2.0216844,1.0,1.0,2.0216844,1.0,1.0,2.0216844,2.0216844,1.0,2.0216844,1.0,Sampled and done,Health Post,Public,Health Post,Rural
178,1,708,public,0.3030303,2.401392529818419,0.5423729,4.802785,1,0.5,1.0,1.0,2.4013925,1.0,1.0,2.4013925,1.0,1.0,2.4013925,1.0,1.0,2.4013925,1.0,1.0,2.4013925,1.0,1.0,2.4013925,1.0,1.0,2.4013925,1.0,1.0,2.4013925,1.0,1.0,2.4013925,2.4013925,1.0,2.4013925,1.0,Sampled and done,Health Post,Public,Health Center,Rural
179,1,708,public,0.3030303,2.4083537619210644,0.5423729,0.0,1,1.0,1.0,1.0,2.4083538,1.0,1.0,2.4083538,1.0,1.0,2.4083538,1.0,1.0,2.4083538,1.0,1.0,2.4083538,1.0,1.0,2.4083538,1.0,1.0,2.4083538,1.0,1.0,2.4083538,1.0,1.0,2.4083538,2.4083538,1.0,2.4083538,1.0,"Sampled, replaced",Health Post,Public,Health Post,Rural
182,1,708,public,0.3030303,2.7090631306397746,0.5423729,10.836252,1,0.25,1.0,1.0,2.709063,1.0,1.0,2.709063,1.0,1.0,2.709063,1.0,1.0,2.709063,1.0,1.0,2.709063,1.0,1.0,2.709063,1.0,1.0,2.709063,1.0,1.0,2.709063,1.0,1.0,2.709063,2.709063,1.0,2.709063,1.0,Sampled and done,Health Post,Public,Health Post,Rural
183,1,708,public,0.3030303,2.017198492054547,0.5423729,8.068794,1,0.25,1.0,1.0,2.0171986,1.0,1.0,2.0171986,1.0,1.0,2.0171986,1.0,1.0,2.0171986,1.0,1.0,2.0171986,1.0,1.0,2.0171986,1.0,1.0,2.0171986,1.0,1.0,2.0171986,1.0,1.0,2.0171986,2.0171986,1.0,2.0171986,1.0,Sampled and done,Health Post,Public,Health Post,Rural
184,2,303,public,0.36363637,13.630180439584674,0.26666668,68.1509,1,0.2,1.0,1.0,13.63018,1.0,1.0,13.63018,1.0,1.0,13.63018,1.0,1.0,13.63018,1.0,1.0,13.63018,1.0,1.0,13.63018,1.0,1.0,13.63018,1.0,1.0,13.63018,1.0,1.0,13.63018,13.63018,1.0,13.63018,1.0,Sampled and done,Health Center,Public,Health Center,Rural
185,2,303,public,0.36363637,13.630180439584674,0.26666668,68.1509,1,0.2,1.0,1.0,13.63018,1.0,1.0,13.63018,1.0,1.0,13.63018,1.0,1.0,13.63018,1.0,1.0,13.63018,1.0,1.0,13.63018,1.0,1.0,13.63018,1.0,1.0,13.63018,1.0,1.0,13.63018,13.63018,1.0,13.63018,1.0,Sampled and done,Health Center,Public,Health Post,Rural
186,2,303,public,0.36363637,13.630180439584674,0.26666668,27.26036,1,0.5,1.0,1.0,13.63018,1.0,1.0,13.63018,1.0,1.0,13.63018,1.0,1.0,13.63018,1.0,1.0,13.63018,1.0,1.0,13.63018,1.0,1.0,13.63018,1.0,1.0,13.63018,1.0,1.0,13.63018,13.63018,1.0,13.63018,1.0,Sampled and done,Health Center,Public,Health Center,Rural
187,2,303,public,0.36363637,13.630180439584674,0.26666668,13.63018,1,1.0,1.0,1.0,13.63018,1.0,1.0,13.63018,1.0,1.0,13.63018,1.0,1.0,13.63018,1.0,1.0,13.63018,1.0,1.0,13.63018,1.0,1.0,13.63018,1.0,1.0,13.63018,1.0,1.0,13.63018,13.63018,1.0,13.63018,1.0,Sampled and done,Health Center,Public,Health Post,Rural
188,2,51,public,0.36363637,20.00583203781699,0.6,20.005833,1,1.0,1.0,1.0,20.005833,1.0,1.0,20.005833,1.0,1.0,20.005833,1.0,1.0,20.005833,1.0,1.0,20.005833,1.0,1.0,20.005833,1.0,1.0,20.005833,1.0,1.0,20.005833,1.0,1.0,20.005833,20.005833,1.0,20.005833,1.0,Sampled and done,Health Center,Public,Health Center,Rural
189,2,51,public,0.36363637,20.00583203781699,0.6,100.02916,1,0.2,1.0,1.0,20.005833,1.0,1.0,20.005833,1.0,1.0,20.005833,1.0,1.0,20.005833,1.0,1.0,20.005833,1.0,1.0,20.005833,1.0,1.0,20.005833,1.0,1.0,20.005833,1.0,1.0,20.005833,20.005833,1.0,20.005833,1.0,Sampled and done,Health Center,Public,Health Center,Rural
190,2,51,public,0.36363637,20.00583203781699,0.6,100.02916,1,0.2,1.0,1.0,20.005833,1.0,1.0,20.005833,1.0,1.0,20.005833,1.0,1.0,20.005833,1.0,1.0,20.005833,1.0,1.0,20.005833,1.0,1.0,20.005833,1.0,1.0,20.005833,1.0,1.0,20.005833,20.005833,1.0,20.005833,1.0,Sampled and done,Health Center,Public,Health Post,Rural
191,2,51,public,0.36363637,20.00583203781699,0.6,140.04082,1,0.14285715,1.0,1.0,20.005833,1.0,1.0,20.005833,1.0,1.0,20.005833,1.0,1.0,20.005833,1.0,1.0,20.005833,1.0,1.0,20.005833,1.0,1.0,20.005833,1.0,1.0,20.005833,1.0,1.0,20.005833,20.005833,1.0,20.005833,1.0,Sampled and done,Health Center,Public,Health Center,Rural
192,2,2003,public,0.36363637,7.396531016568643,0.08,36.982655,1,0.2,1.0,1.0,7.396531,1.0,1.0,7.396531,1.0,1.0,7.396531,1.0,1.0,7.396531,1.0,1.0,7.396531,1.0,1.0,7.396531,1.0,1.0,7.396531,1.0,1.0,7.396531,1.0,1.0,7.396531,7.396531,1.0,7.396531,1.0,Sampled and done,Health Center,Public,Health Center,Rural
193,2,51,public,0.36363637,20.00583203781699,0.6,160.04666,1,0.125,1.0,1.0,20.005833,1.0,1.0,20.005833,1.0,1.0,20.005833,1.0,1.0,20.005833,1.0,1.0,20.005833,1.0,1.0,20.005833,1.0,1.0,20.005833,1.0,1.0,20.005833,1.0,1.0,20.005833,20.005833,1.0,20.005833,1.0,Sampled and done,Health Center,Public,Health Center,Rural
194,3,1009,public,0.25,5.917757541536528,0.5925926,88.766365,1,0.06666667,0.6666667,0.6666667,8.8766365,0.6666667,0.6666667,8.8766365,0.6666667,0.6666667,8.8766365,0.6666667,0.6666667,8.8766365,0.6666667,0.6666667,8.8766365,1.0,1.0,5.9177575,1.0,1.0,5.9177575,1.0,1.0,5.9177575,1.0,1.0,5.9177575,8.8766365,0.6666667,5.9177575,1.0,Sampled and done,Health Center,Public,Health Center,Urban
195,3,1009,public,0.25,4.3787660450615284,0.5925926,166.39311,1,0.02631579,0.5555556,0.5555556,7.8817787,0.5555556,0.5555556,7.8817787,0.5555556,0.5555556,7.8817787,0.5555556,0.5555556,7.8817787,0.5555556,0.5555556,7.8817787,0.8888889,0.8888889,4.9261117,0.8888889,0.8888889,4.9261117,0.8888889,0.8888889,4.9261117,0.8888889,0.8888889,4.9261117,7.8817787,0.5555556,4.9261117,0.8888889,Sampled and done,Health Center,Public,Health Center,Urban
196,3,1009,public,0.25,5.917757541536528,0.5925926,130.19066,1,0.045454547,1.0,1.0,5.9177575,1.0,1.0,5.9177575,1.0,1.0,5.9177575,1.0,1.0,5.9177575,1.0,1.0,5.9177575,1.0,1.0,5.9177575,1.0,1.0,5.9177575,1.0,1.0,5.9177575,1.0,1.0,5.9177575,5.9177575,1.0,5.9177575,1.0,Sampled and done,Health Center,Public,Health Center,Urban
197,3,802,public,0.25,9.25013489127018,0.44444445,259.00378,1,0.035714287,0.6666667,0.6666667,13.875202,0.6666667,0.6666667,13.875202,0.6666667,0.6666667,13.875202,0.6666667,0.6666667,13.875202,0.6666667,0.6666667,13.875202,0.8333333,0.8333333,11.1001625,0.8333333,0.8333333,11.1001625,0.8333333,0.8333333,11.1001625,0.8333333,0.8333333,11.1001625,13.875202,0.6666667,11.1001625,0.8333333,Sampled and done,Health Center,Public,Health Center,Urban
198,3,804,public,0.25,6.208198442063155,0.36363637,229.70334,1,0.027027028,0.4,0.4,15.520495,0.4,0.4,15.520495,0.4,0.4,15.520495,0.4,0.4,15.520495,0.4,0.4,15.520495,0.8,0.8,7.7602477,0.8,0.8,7.7602477,0.8,0.8,7.7602477,0.8,0.8,7.7602477,15.520495,0.4,7.7602477,0.8,Sampled and done,Health Center,Public,Health Center,Urban
199,2,1014,public,0.36363637,15.563888888888886,0.16666667,124.51111,1,0.125,0.8,0.8,19.45486,0.8,0.8,19.45486,0.8,0.8,19.45486,0.8,0.8,19.45486,0.8,0.8,19.45486,1.0,1.0,15.563889,1.0,1.0,15.563889,1.0,1.0,15.563889,1.0,1.0,15.563889,19.45486,0.8,15.563889,1.0,Sampled and done,Health Center,Public,Health Center,Rural
200,2,1014,public,0.36363637,15.563888888888886,0.16666667,93.38333,1,0.16666667,1.0,1.0,15.563889,1.0,1.0,15.563889,1.0,1.0,15.563889,1.0,1.0,15.563889,1.0,1.0,15.563889,1.0,1.0,15.563889,1.0,1.0,15.563889,1.0,1.0,15.563889,1.0,1.0,15.563889,15.563889,1.0,15.563889,1.0,Sampled and done,Health Center,Public,Health Center,Rural
201,2,1014,public,0.36363637,15.563888888888886,0.16666667,77.81944,1,0.2,1.0,1.0,15.563889,1.0,1.0,15.563889,1.0,1.0,15.563889,1.0,1.0,15.563889,1.0,1.0,15.563889,1.0,1.0,15.563889,1.0,1.0,15.563889,1.0,1.0,15.563889,1.0,1.0,15.563889,15.563889,1.0,15.563889,1.0,Sampled and done,Health Center,Public,Health Center,Rural
202,2,1014,public,0.36363637,15.563888888888886,0.16666667,171.20277,1,0.09090909,1.0,1.0,15.563889,1.0,1.0,15.563889,1.0,1.0,15.563889,1.0,1.0,15.563889,1.0,1.0,15.563889,1.0,1.0,15.563889,1.0,1.0,15.563889,1.0,1.0,15.563889,1.0,1.0,15.563889,15.563889,1.0,15.563889,1.0,Sampled and done,Health Center,Public,Health Center,Rural
203,2,1014,public,0.36363637,15.563888888888886,0.16666667,62.255554,1,0.25,0.6666667,0.6666667,23.345833,0.6666667,0.6666667,23.345833,0.6666667,0.6666667,23.345833,0.6666667,0.6666667,23.345833,0.6666667,0.6666667,23.345833,1.0,1.0,15.563889,1.0,1.0,15.563889,1.0,1.0,15.563889,1.0,1.0,15.563889,23.345833,0.6666667,15.563889,1.0,Sampled and done,Health Center,Public,Health Center,Rural
204,2,1014,public,0.36363637,15.563888888888886,0.16666667,77.81944,1,0.2,0.6666667,0.6666667,23.345833,0.6666667,0.6666667,23.345833,0.6666667,0.6666667,23.345833,0.6666667,0.6666667,23.345833,0.6666667,0.6666667,23.345833,1.0,1.0,15.563889,1.0,1.0,15.563889,1.0,1.0,15.563889,1.0,1.0,15.563889,23.345833,0.6666667,15.563889,1.0,Sampled and done,Health Center,Public,Health Center,Rural
205,2,1014,public,0.36363637,15.563888888888886,0.16666667,62.255554,1,0.25,1.0,1.0,15.563889,1.0,1.0,15.563889,1.0,1.0,15.563889,1.0,1.0,15.563889,1.0,1.0,15.563889,1.0,1.0,15.563889,1.0,1.0,15.563889,1.0,1.0,15.563889,1.0,1.0,15.563889,15.563889,1.0,15.563889,1.0,Sampled and done,Health Center,Public,Health Center,Rural
206,2,1014,public,0.36363637,15.563888888888886,0.16666667,62.255554,1,0.25,1.0,1.0,15.563889,1.0,1.0,15.563889,1.0,1.0,15.563889,1.0,1.0,15.563889,1.0,1.0,15.563889,1.0,1.0,15.563889,1.0,1.0,15.563889,1.0,1.0,15.563889,1.0,1.0,15.563889,15.563889,1.0,15.563889,1.0,Sampled and done,Health Center,Public,Health Center,Rural
207,2,1013,public,0.36363637,6.31388888888889,0.22857143,37.883335,1,0.16666667,1.0,1.0,6.313889,1.0,1.0,6.313889,1.0,1.0,6.313889,1.0,1.0,6.313889,1.0,1.0,6.313889,1.0,1.0,6.313889,1.0,1.0,6.313889,1.0,1.0,6.313889,1.0,1.0,6.313889,6.313889,1.0,6.313889,1.0,Sampled and done,Health Center,Public,Health Center,Rural
208,2,1013,public,0.36363637,6.31388888888889,0.22857143,37.883335,1,0.16666667,1.0,1.0,6.313889,1.0,1.0,6.313889,1.0,1.0,6.313889,1.0,1.0,6.313889,1.0,1.0,6.313889,1.0,1.0,6.313889,1.0,1.0,6.313889,1.0,1.0,6.313889,1.0,1.0,6.313889,6.313889,1.0,6.313889,1.0,Sampled and done,Health Center,Public,Health Center,Rural
209,2,1013,public,0.36363637,6.31388888888889,0.22857143,18.941668,1,0.33333334,1.0,1.0,6.313889,1.0,1.0,6.313889,1.0,1.0,6.313889,1.0,1.0,6.313889,1.0,1.0,6.313889,1.0,1.0,6.313889,1.0,1.0,6.313889,1.0,1.0,6.313889,1.0,1.0,6.313889,6.313889,1.0,6.313889,1.0,Sampled and done,Health Center,Public,Health Center,Rural
210,2,1013,public,0.36363637,6.31388888888889,0.22857143,31.569445,1,0.2,1.0,1.0,6.313889,1.0,1.0,6.313889,1.0,1.0,6.313889,1.0,1.0,6.313889,1.0,1.0,6.313889,1.0,1.0,6.313889,1.0,1.0,6.313889,1.0,1.0,6.313889,1.0,1.0,6.313889,6.313889,1.0,6.313889,1.0,Sampled and done,Health Center,Public,Health Center,Rural
211,2,1013,public,0.36363637,6.31388888888889,0.22857143,25.255556,1,0.25,1.0,1.0,6.313889,1.0,1.0,6.313889,1.0,1.0,6.313889,1.0,1.0,6.313889,1.0,1.0,6.313889,1.0,1.0,6.313889,1.0,1.0,6.313889,1.0,1.0,6.313889,1.0,1.0,6.313889,6.313889,1.0,6.313889,1.0,Sampled and done,Health Center,Public,Health Center,Rural
212,2,1013,public,0.36363637,6.31388888888889,0.22857143,25.255556,1,0.25,1.0,1.0,6.313889,1.0,1.0,6.313889,1.0,1.0,6.313889,1.0,1.0,6.313889,1.0,1.0,6.313889,1.0,1.0,6.313889,1.0,1.0,6.313889,1.0,1.0,6.313889,1.0,1.0,6.313889,6.313889,1.0,6.313889,1.0,Sampled and done,Health Center,Public,Health Center,Rural
213,2,1013,public,0.36363637,6.31388888888889,0.22857143,18.941668,1,0.33333334,0.5,0.5,12.627778,0.5,0.5,12.627778,0.5,0.5,12.627778,0.5,0.5,12.627778,0.5,0.5,12.627778,1.0,1.0,6.313889,1.0,1.0,6.313889,1.0,1.0,6.313889,1.0,1.0,6.313889,12.627778,0.5,6.313889,1.0,Sampled and done,Health Center,Public,Health Center,Rural
214,2,1021,public,0.36363637,4.2776383526700155,0.36842105,38.498745,1,0.11111111,1.0,1.0,4.2776384,1.0,1.0,4.2776384,1.0,1.0,4.2776384,1.0,1.0,4.2776384,1.0,1.0,4.2776384,1.0,1.0,4.2776384,1.0,1.0,4.2776384,1.0,1.0,4.2776384,1.0,1.0,4.2776384,4.2776384,1.0,4.2776384,1.0,Sampled and done,Health Center,Public,Health Center,Rural
215,2,1021,public,0.36363637,4.2776383526700155,0.36842105,85.552765,1,0.05,0.8,0.8,5.347048,0.8,0.8,5.347048,0.8,0.8,5.347048,0.8,0.8,5.347048,0.8,0.8,5.347048,1.0,1.0,4.2776384,1.0,1.0,4.2776384,1.0,1.0,4.2776384,1.0,1.0,4.2776384,5.347048,0.8,4.2776384,1.0,Sampled and done,Health Center,Public,Health Center,Rural
216,2,1021,public,0.36363637,4.2776383526700155,0.36842105,21.388191,1,0.2,1.0,1.0,4.2776384,1.0,1.0,4.2776384,1.0,1.0,4.2776384,1.0,1.0,4.2776384,1.0,1.0,4.2776384,1.0,1.0,4.2776384,1.0,1.0,4.2776384,1.0,1.0,4.2776384,1.0,1.0,4.2776384,4.2776384,1.0,4.2776384,1.0,Sampled and done,Health Center,Public,Health Post,Rural
217,2,711,public,0.36363637,12.171786321847689,0.6666667,60.858932,1,0.2,1.0,1.0,12.171786,1.0,1.0,12.171786,1.0,1.0,12.171786,1.0,1.0,12.171786,1.0,1.0,12.171786,1.0,1.0,12.171786,1.0,1.0,12.171786,1.0,1.0,12.171786,1.0,1.0,12.171786,12.171786,1.0,12.171786,1.0,Sampled and done,Health Center,Public,Health Center,Rural
218,2,711,public,0.36363637,12.171786321847689,0.6666667,73.030716,1,0.16666667,1.0,1.0,12.171786,1.0,1.0,12.171786,1.0,1.0,12.171786,1.0,1.0,12.171786,1.0,1.0,12.171786,1.0,1.0,12.171786,1.0,1.0,12.171786,1.0,1.0,12.171786,1.0,1.0,12.171786,12.171786,1.0,12.171786,1.0,Sampled and done,Health Center,Public,Health Center,Rural
219,2,711,public,0.36363637,12.171786321847689,0.6666667,97.37429,1,0.125,1.0,1.0,12.171786,1.0,1.0,12.171786,1.0,1.0,12.171786,1.0,1.0,12.171786,1.0,1.0,12.171786,1.0,1.0,12.171786,1.0,1.0,12.171786,1.0,1.0,12.171786,1.0,1.0,12.171786,12.171786,1.0,12.171786,1.0,Sampled and done,Health Center,Public,Health Center,Rural
220,2,1022,public,0.36363637,2.8819621063128293,0.028571429,20.173735,1,0.14285715,0.8,0.8,3.6024525,0.8,0.8,3.6024525,0.8,0.8,3.6024525,0.8,0.8,3.6024525,0.8,0.8,3.6024525,1.0,1.0,2.881962,1.0,1.0,2.881962,1.0,1.0,2.881962,1.0,1.0,2.881962,3.6024525,0.8,2.881962,1.0,Sampled and done,Health Center,Public,Health Center,Rural
221,2,711,public,0.36363637,12.171786321847689,0.6666667,85.20251,1,0.14285715,1.0,1.0,12.171786,1.0,1.0,12.171786,1.0,1.0,12.171786,1.0,1.0,12.171786,1.0,1.0,12.171786,1.0,1.0,12.171786,1.0,1.0,12.171786,1.0,1.0,12.171786,1.0,1.0,12.171786,12.171786,1.0,12.171786,1.0,Sampled and done,Health Center,Public,Health Center,Rural
222,2,711,public,0.36363637,12.171786321847689,0.6666667,109.546074,1,0.11111111,1.0,1.0,12.171786,1.0,1.0,12.171786,1.0,1.0,12.171786,1.0,1.0,12.171786,1.0,1.0,12.171786,1.0,1.0,12.171786,1.0,1.0,12.171786,1.0,1.0,12.171786,1.0,1.0,12.171786,12.171786,1.0,12.171786,1.0,Sampled and done,Health Center,Public,Health Center,Rural
223,2,711,public,0.36363637,12.171786321847689,0.6666667,85.20251,1,0.14285715,1.0,1.0,12.171786,1.0,1.0,12.171786,1.0,1.0,12.171786,1.0,1.0,12.171786,1.0,1.0,12.171786,1.0,1.0,12.171786,1.0,1.0,12.171786,1.0,1.0,12.171786,1.0,1.0,12.171786,12.171786,1.0,12.171786,1.0,Sampled and done,Health Center,Public,Health Center,Rural
224,2,303,public,0.36363637,13.630180439584674,0.26666668,95.41126,1,0.14285715,0.75,0.75,18.173574,0.75,0.75,18.173574,0.75,0.75,18.173574,0.75,0.75,18.173574,0.75,0.75,18.173574,1.0,1.0,13.63018,1.0,1.0,13.63018,1.0,1.0,13.63018,1.0,1.0,13.63018,18.173574,0.75,13.63018,1.0,Sampled and done,Health Center,Public,Health Center,Rural
225,2,303,public,0.36363637,13.630180439584674,0.26666668,68.1509,1,0.2,0.6666667,0.6666667,20.44527,0.6666667,0.6666667,20.44527,0.6666667,0.6666667,20.44527,0.6666667,0.6666667,20.44527,0.6666667,0.6666667,20.44527,1.0,1.0,13.63018,1.0,1.0,13.63018,1.0,1.0,13.63018,1.0,1.0,13.63018,20.44527,0.6666667,13.63018,1.0,Sampled and done,Health Center,Public,Health Center,Rural
226,2,303,public,0.36363637,13.630180439584674,0.26666668,272.6036,1,0.05,0.6,0.6,22.716967,0.6,0.6,22.716967,0.6,0.6,22.716967,0.6,0.6,22.716967,0.6,0.6,22.716967,1.0,1.0,13.63018,1.0,1.0,13.63018,1.0,1.0,13.63018,1.0,1.0,13.63018,22.716967,0.6,13.63018,1.0,Sampled and done,Health Center,Public,Health Center,Rural
227,2,2003,public,0.36363637,7.396531016568643,0.08,66.56878,1,0.11111111,1.0,1.0,7.396531,1.0,1.0,7.396531,1.0,1.0,7.396531,1.0,1.0,7.396531,1.0,1.0,7.396531,1.0,1.0,7.396531,1.0,1.0,7.396531,1.0,1.0,7.396531,1.0,1.0,7.396531,7.396531,1.0,7.396531,1.0,Sampled and done,Health Center,Public,Health Post,Rural
228,3,1009,public,0.25,5.917757541536528,0.5925926,147.94394,1,0.04,0.75,0.75,7.890343,0.75,0.75,7.890343,0.75,0.75,7.890343,0.75,0.75,7.890343,0.75,0.75,7.890343,1.0,1.0,5.9177575,1.0,1.0,5.9177575,1.0,1.0,5.9177575,1.0,1.0,5.9177575,7.890343,0.75,5.9177575,1.0,Sampled and done,Health Center,Public,Health Center,Urban
229,3,1009,public,0.25,0.32520378879235695,0.5925926,9.43091,1,0.03448276,0.64285713,0.64285713,0.50587255,0.64285713,0.64285713,0.50587255,0.64285713,0.64285713,0.50587255,0.64285713,0.64285713,0.50587255,0.64285713,0.64285713,0.50587255,0.71428573,0.71428573,0.45528528,0.71428573,0.71428573,0.45528528,0.71428573,0.71428573,0.45528528,0.71428573,0.71428573,0.45528528,0.50587255,0.64285713,0.45528528,0.71428573,Sampled and done,Health Center,Public,Health Center,Urban
230,3,802,public,0.25,9.25013489127018,0.44444445,462.50674,1,0.02,0.2857143,0.2857143,32.37547,0.2857143,0.2857143,32.37547,0.2857143,0.2857143,32.37547,0.2857143,0.2857143,32.37547,0.2857143,0.2857143,32.37547,0.64285713,0.64285713,14.389099,0.64285713,0.64285713,14.389099,0.64285713,0.64285713,14.389099,0.64285713,0.64285713,14.389099,32.37547,0.2857143,14.389099,0.64285713,Sampled and done,Health Center,Public,Health Center,Urban
231,3,802,public,0.25,9.25013489127018,0.44444445,934.2636,1,0.00990099,0.3529412,0.3529412,26.208715,0.3529412,0.3529412,26.208715,0.3529412,0.3529412,26.208715,0.3529412,0.3529412,26.208715,0.3529412,0.3529412,26.208715,0.5882353,0.5882353,15.725228,0.5882353,0.5882353,15.725228,0.5882353,0.5882353,15.725228,0.5882353,0.5882353,15.725228,26.208715,0.3529412,15.725228,0.5882353,Sampled and done,Health Center,Public,Health Center,Urban
232,3,804,public,0.25,6.208198442063155,0.36363637,0.0,1,0.025641026,0.4,0.4,15.520495,0.4,0.4,15.520495,0.4,0.4,15.520495,0.4,0.4,15.520495,0.4,0.4,15.520495,1.0,1.0,6.2081985,1.0,1.0,6.2081985,1.0,1.0,6.2081985,1.0,1.0,6.2081985,15.520495,0.4,6.2081985,1.0,Sampled and done,Health Center,Public,Health Center,Urban
233,3,804,public,0.25,6.208198442063155,0.36363637,68.290184,1,0.09090909,0.5,0.5,12.416397,0.5,0.5,12.416397,0.5,0.5,12.416397,0.5,0.5,12.416397,0.5,0.5,12.416397,1.0,1.0,6.2081985,1.0,1.0,6.2081985,1.0,1.0,6.2081985,1.0,1.0,6.2081985,12.416397,0.5,6.2081985,1.0,Sampled and done,Health Center,Public,Health Center,Urban
234,3,1015,public,0.25,6.3125,0.30769232,63.125,1,0.1,1.0,1.0,6.3125,1.0,1.0,6.3125,1.0,1.0,6.3125,1.0,1.0,6.3125,1.0,1.0,6.3125,1.0,1.0,6.3125,1.0,1.0,6.3125,1.0,1.0,6.3125,1.0,1.0,6.3125,6.3125,1.0,6.3125,1.0,Sampled and done,Health Center,Public,Health Center,Urban
235,3,1015,public,0.25,6.3125,0.30769232,183.0625,1,0.03448276,0.5714286,0.5714286,11.046874,0.5714286,0.5714286,11.046874,0.5714286,0.5714286,11.046874,0.5714286,0.5714286,11.046874,0.5714286,0.5714286,11.046874,0.71428573,0.71428573,8.8375,0.71428573,0.71428573,8.8375,0.71428573,0.71428573,8.8375,0.71428573,0.71428573,8.8375,11.046874,0.5714286,8.8375,0.71428573,Sampled and done,Health Center,Public,Health Center,Urban
236,2,1021,public,0.36363637,4.2776383526700155,0.36842105,64.16457,1,0.06666667,0.75,0.75,5.703518,0.75,0.75,5.703518,0.75,0.75,5.703518,0.75,0.75,5.703518,0.75,0.75,5.703518,0.75,0.75,5.703518,0.75,0.75,5.703518,0.75,0.75,5.703518,0.75,0.75,5.703518,5.703518,0.75,5.703518,0.75,Sampled and done,Health Center,Public,Health Center,Rural
237,2,1021,public,0.36363637,4.2776383526700155,0.36842105,59.886936,1,0.071428575,0.8,0.8,5.347048,0.8,0.8,5.347048,0.8,0.8,5.347048,0.8,0.8,5.347048,0.8,0.8,5.347048,1.0,1.0,4.2776384,1.0,1.0,4.2776384,1.0,1.0,4.2776384,1.0,1.0,4.2776384,5.347048,0.8,4.2776384,1.0,Sampled and done,Health Center,Public,Health Center,Rural
238,2,711,public,0.36363637,12.171786321847689,0.6666667,133.88965,1,0.09090909,1.0,1.0,12.171786,1.0,1.0,12.171786,1.0,1.0,12.171786,1.0,1.0,12.171786,1.0,1.0,12.171786,1.0,1.0,12.171786,1.0,1.0,12.171786,1.0,1.0,12.171786,1.0,1.0,12.171786,12.171786,1.0,12.171786,1.0,Sampled and done,Health Center,Public,Health Center,Rural
239,2,711,public,0.36363637,12.171786321847689,0.6666667,121.717865,1,0.1,1.0,1.0,12.171786,1.0,1.0,12.171786,1.0,1.0,12.171786,1.0,1.0,12.171786,1.0,1.0,12.171786,1.0,1.0,12.171786,1.0,1.0,12.171786,1.0,1.0,12.171786,1.0,1.0,12.171786,12.171786,1.0,12.171786,1.0,Sampled and done,Health Center,Public,Health Center,Rural
240,4,1001,public,1.0,1.0,0.5714286,42.0,1,0.023809524,0.6666667,0.6666667,1.5,0.6666667,0.6666667,1.5,0.6666667,0.6666667,1.5,0.6666667,0.6666667,1.5,0.6666667,0.6666667,1.5,0.8333333,0.8333333,1.2,0.8333333,0.8333333,1.2,0.8333333,0.8333333,1.2,0.8333333,0.8333333,1.2,1.5,0.6666667,1.2,0.8333333,Sampled and done,Hospital,Public,Hospital,Urban
241,4,1001,public,1.0,2.2060750007526253,0.5714286,150.0131,1,0.014705882,0.5833333,0.5833333,3.781843,0.5833333,0.5833333,3.781843,0.5833333,0.5833333,3.781843,0.5833333,0.5833333,3.781843,0.5833333,0.5833333,3.781843,0.8333333,0.8333333,2.64729,0.8333333,0.8333333,2.64729,0.8333333,0.8333333,2.64729,0.8333333,0.8333333,2.64729,3.781843,0.5833333,2.64729,0.8333333,Sampled and done,Hospital,Public,Hospital,Urban
242,4,1001,public,1.0,1.7939249992473745,0.5714286,130.95653,1,0.01369863,0.35,0.35,5.1255,0.35,0.35,5.1255,0.35,0.35,5.1255,0.35,0.35,5.1255,0.35,0.35,5.1255,0.5,0.5,3.58785,0.5,0.5,3.58785,0.5,0.5,3.58785,0.5,0.5,3.58785,5.1255,0.35,3.58785,0.5,Sampled and done,Hospital,Public,Hospital,Urban
243,4,1001,public,1.0,2.3432047806816123,0.5714286,171.05396,1,0.01369863,0.42105263,0.42105263,5.565111,0.42105263,0.42105263,5.565111,0.42105263,0.42105263,5.565111,0.42105263,0.42105263,5.565111,0.42105263,0.42105263,5.565111,0.5263158,0.5263158,4.452089,0.5263158,0.5263158,4.452089,0.5263158,0.5263158,4.452089,0.5263158,0.5263158,4.452089,5.565111,0.42105263,4.452089,0.5263158,Sampled and done,Hospital,Public,Hospital,Urban
244,4,1001,public,1.0,1.3916201664125576,0.5714286,77.93073,1,0.017857144,0.3809524,0.3809524,3.653003,0.3809524,0.3809524,3.653003,0.3809524,0.3809524,3.653003,0.3809524,0.3809524,3.653003,0.3809524,0.3809524,3.653003,0.47619048,0.47619048,2.9224024,0.47619048,0.47619048,2.9224024,0.47619048,0.47619048,2.9224024,0.47619048,0.47619048,2.9224024,3.653003,0.3809524,2.9224024,0.47619048,Sampled and done,Hospital,Public,Hospital,Urban
245,4,1001,public,1.0,0.9390846471744111,0.5714286,85.4567,1,0.010989011,0.2647059,0.2647059,3.547653,0.2647059,0.2647059,3.547653,0.2647059,0.2647059,3.547653,0.2647059,0.2647059,3.547653,0.2647059,0.2647059,3.547653,0.29411766,0.29411766,3.1928878,0.29411766,0.29411766,3.1928878,0.29411766,0.29411766,3.1928878,0.29411766,0.29411766,3.1928878,3.547653,0.2647059,3.1928878,0.29411766,Sampled and done,Hospital,Public,Hospital,Urban
246,4,1001,public,1.0,1.0,0.5714286,83.0,1,0.012048192,0.3181818,0.3181818,3.1428573,0.3181818,0.3181818,3.1428573,0.3181818,0.3181818,3.1428573,0.3181818,0.3181818,3.1428573,0.3181818,0.3181818,3.1428573,0.4090909,0.4090909,2.4444444,0.4090909,0.4090909,2.4444444,0.4090909,0.4090909,2.4444444,0.4090909,0.4090909,2.4444444,3.1428573,0.3181818,2.4444444,0.4090909,Sampled and done,Hospital,Public,Hospital,Urban
247,4,1001,public,1.0,0.46115038575229766,0.5714286,31.819376,1,0.014492754,0.5714286,0.5714286,0.80701315,0.5714286,0.5714286,0.80701315,0.5714286,0.5714286,0.80701315,0.5714286,0.5714286,0.80701315,0.5714286,0.5714286,0.80701315,0.71428573,0.71428573,0.6456105,0.71428573,0.71428573,0.6456105,0.71428573,0.71428573,0.6456105,0.71428573,0.71428573,0.6456105,0.80701315,0.5714286,0.6456105,0.71428573,Sampled and done,Hospital,Public,Hospital,Urban
248,4,1001,public,1.0,0.46115038575229766,0.5714286,21.674068,1,0.021276595,0.5294118,0.5294118,0.8710618,0.5294118,0.5294118,0.8710618,0.5294118,0.5294118,0.8710618,0.5294118,0.5294118,0.8710618,0.5294118,0.5294118,0.8710618,0.5882353,0.5882353,0.78395563,0.5882353,0.5882353,0.78395563,0.5882353,0.5882353,0.78395563,0.5882353,0.5882353,0.78395563,0.8710618,0.5294118,0.78395563,0.5882353,Sampled and done,Hospital,Public,Hospital,Urban
249,4,1001,public,1.0,5.616548842743107,0.5714286,432.47427,1,0.012987013,0.6666667,0.6666667,8.424823,0.6666667,0.6666667,8.424823,0.6666667,0.6666667,8.424823,0.6666667,0.6666667,8.424823,0.6666667,0.6666667,8.424823,0.8333333,0.8333333,6.7398586,0.8333333,0.8333333,6.7398586,0.8333333,0.8333333,6.7398586,0.8333333,0.8333333,6.7398586,8.424823,0.6666667,6.7398586,0.8333333,Sampled and done,Hospital,Public,Hospital,Urban
250,4,1001,public,1.0,0.46115038575229766,0.5714286,11.067609,1,0.041666668,0.6,0.6,0.76858395,0.6,0.6,0.76858395,0.6,0.6,0.76858395,0.6,0.6,0.76858395,0.6,0.6,0.76858395,1.0,1.0,0.46115038,1.0,1.0,0.46115038,1.0,1.0,0.46115038,1.0,1.0,0.46115038,0.76858395,0.6,0.46115038,1.0,Sampled and done,Hospital,Public,Hospital,Urban
251,4,1001,public,1.0,3.0,0.5714286,258.0,1,0.011627907,0.35714287,0.35714287,8.4,0.35714287,0.35714287,8.4,0.35714287,0.35714287,8.4,0.35714287,0.35714287,8.4,0.35714287,0.35714287,8.4,0.42857143,0.42857143,7.0,0.42857143,0.42857143,7.0,0.42857143,0.42857143,7.0,0.42857143,0.42857143,7.0,8.4,0.35714287,7.0,0.42857143,Sampled and done,Hospital,Public,Hospital,Urban
252,4,1001,public,1.0,1.568614763834753,0.5714286,114.50888,1,0.01369863,0.5,0.5,3.1372294,0.5,0.5,3.1372294,0.5,0.5,3.1372294,0.5,0.5,3.1372294,0.5,0.5,3.1372294,0.5555556,0.5555556,2.8235064,0.5555556,0.5555556,2.8235064,0.5555556,0.5555556,2.8235064,0.5555556,0.5555556,2.8235064,3.1372294,0.5,2.8235064,0.5555556,Sampled and done,Hospital,Public,Hospital,Urban
253,4,1001,public,1.0,1.4317266655126513,0.5714286,88.76705,1,0.016129032,0.2857143,0.2857143,5.011043,0.2857143,0.2857143,5.011043,0.2857143,0.2857143,5.011043,0.2857143,0.2857143,5.011043,0.2857143,0.2857143,5.011043,0.39285713,0.39285713,3.644395,0.39285713,0.39285713,3.644395,0.39285713,0.39285713,3.644395,0.39285713,0.39285713,3.644395,5.011043,0.2857143,3.644395,0.39285713,Sampled and done,Hospital,Public,Hospital,Urban
254,4,1001,public,1.0,1.9996585706525958,0.5714286,149.9744,1,0.013333334,0.375,0.375,5.3324227,0.375,0.375,5.3324227,0.375,0.375,5.3324227,0.375,0.375,5.3324227,0.375,0.375,5.3324227,0.41666666,0.41666666,4.7991805,0.41666666,0.41666666,4.7991805,0.41666666,0.41666666,4.7991805,0.41666666,0.41666666,4.7991805,5.3324227,0.375,4.7991805,0.41666666,Sampled and done,Hospital,Public,Hospital,Urban
255,3,1009,public,0.25,5.917757541536528,0.5925926,35.506546,1,0.16666667,1.0,1.0,5.9177575,1.0,1.0,5.9177575,1.0,1.0,5.9177575,1.0,1.0,5.9177575,1.0,1.0,5.9177575,1.0,1.0,5.9177575,1.0,1.0,5.9177575,1.0,1.0,5.9177575,1.0,1.0,5.9177575,5.9177575,1.0,5.9177575,1.0,Sampled and done,Health Center,Public,Health Center,Urban
256,3,1015,private,0.25,3.75,0.30769232,15.0,1,0.25,0.5,0.5,7.5,0.5,0.5,7.5,0.5,0.5,7.5,0.5,0.5,7.5,0.5,0.5,7.5,1.0,1.0,3.75,1.0,1.0,3.75,1.0,1.0,3.75,1.0,1.0,3.75,7.5,0.5,3.75,1.0,Sampled and done,Health Center,Private,Health Center,Urban
257,3,801,private,0.25,2.0850169403876846,0.2580645,72.97559,1,0.028571429,0.33333334,0.33333334,6.2550507,0.33333334,0.33333334,6.2550507,0.33333334,0.33333334,6.2550507,0.33333334,0.33333334,6.2550507,0.33333334,0.33333334,6.2550507,0.6666667,0.6666667,3.1275253,0.6666667,0.6666667,3.1275253,0.6666667,0.6666667,3.1275253,0.6666667,0.6666667,3.1275253,6.2550507,0.33333334,3.1275253,0.6666667,Replacement,Health Center,Private,Health Center,Urban
258,3,801,private,0.25,2.0850169403876846,0.2580645,33.36027,1,0.0625,0.6666667,0.6666667,3.1275253,0.6666667,0.6666667,3.1275253,0.6666667,0.6666667,3.1275253,0.6666667,0.6666667,3.1275253,0.6666667,0.6666667,3.1275253,1.0,1.0,2.085017,1.0,1.0,2.085017,1.0,1.0,2.085017,1.0,1.0,2.085017,3.1275253,0.6666667,2.085017,1.0,Replacement,Health Center,Private,Health Center,Urban
259,3,801,private,0.25,2.0850169403876846,0.2580645,6.2550507,1,0.33333334,1.0,1.0,2.085017,1.0,1.0,2.085017,1.0,1.0,2.085017,1.0,1.0,2.085017,1.0,1.0,2.085017,1.0,1.0,2.085017,1.0,1.0,2.085017,1.0,1.0,2.085017,1.0,1.0,2.085017,2.085017,1.0,2.085017,1.0,Replacement,Health Center,Private,Health Center,Urban
260,3,802,private,0.25,3.0900773600296683,0.44444445,12.36031,1,0.25,1.0,1.0,3.0900774,1.0,1.0,3.0900774,1.0,1.0,3.0900774,1.0,1.0,3.0900774,1.0,1.0,3.0900774,1.0,1.0,3.0900774,1.0,1.0,3.0900774,1.0,1.0,3.0900774,1.0,1.0,3.0900774,3.0900774,1.0,3.0900774,1.0,Replacement,Health Center,Private,Health Center,Urban
261,3,804,private,0.25,2.073895535350036,0.36363637,6.221687,1,0.33333334,1.0,1.0,2.0738955,1.0,1.0,2.0738955,1.0,1.0,2.0738955,1.0,1.0,2.0738955,1.0,1.0,2.0738955,1.0,1.0,2.0738955,1.0,1.0,2.0738955,1.0,1.0,2.0738955,1.0,1.0,2.0738955,2.0738955,1.0,2.0738955,1.0,Replacement,Health Center,Private,Health Center,Urban
262,1,708,public,0.3030303,2.401392529818419,0.5423729,4.802785,1,0.5,1.0,1.0,2.4013925,1.0,1.0,2.4013925,1.0,1.0,2.4013925,1.0,1.0,2.4013925,1.0,1.0,2.4013925,1.0,1.0,2.4013925,1.0,1.0,2.4013925,1.0,1.0,2.4013925,1.0,1.0,2.4013925,2.4013925,1.0,2.4013925,1.0,Replacement,Health Post,Public,Health Post,Rural
263,1,43,public,0.3030303,5.7609222938120705,0.3809524,5.7609224,1,1.0,1.0,1.0,5.7609224,1.0,1.0,5.7609224,1.0,1.0,5.7609224,1.0,1.0,5.7609224,1.0,1.0,5.7609224,1.0,1.0,5.7609224,1.0,1.0,5.7609224,1.0,1.0,5.7609224,1.0,1.0,5.7609224,5.7609224,1.0,5.7609224,1.0,Replacement,Health Post,Public,Health Post,Rural
264,1,43,public,0.3030303,11.454872639863538,0.3809524,11.454873,1,1.0,1.0,1.0,11.454873,1.0,1.0,11.454873,1.0,1.0,11.454873,1.0,1.0,11.454873,1.0,1.0,11.454873,1.0,1.0,11.454873,1.0,1.0,11.454873,1.0,1.0,11.454873,1.0,1.0,11.454873,11.454873,1.0,11.454873,1.0,Replacement,Health Post,Public,Health Post,Rural
265,1,10,public,0.3030303,17.90625,0.6666667,17.90625,1,1.0,1.0,1.0,17.90625,1.0,1.0,17.90625,1.0,1.0,17.90625,1.0,1.0,17.90625,1.0,1.0,17.90625,1.0,1.0,17.90625,1.0,1.0,17.90625,1.0,1.0,17.90625,1.0,1.0,17.90625,17.90625,1.0,17.90625,1.0,Replacement,Health Post,Public,Health Post,Rural
266,1,708,public,0.3030303,2.021684393258504,0.5423729,4.043369,1,0.5,1.0,1.0,2.0216844,1.0,1.0,2.0216844,1.0,1.0,2.0216844,1.0,1.0,2.0216844,1.0,1.0,2.0216844,1.0,1.0,2.0216844,1.0,1.0,2.0216844,1.0,1.0,2.0216844,1.0,1.0,2.0216844,2.0216844,1.0,2.0216844,1.0,Replacement,Health Post,Public,Health Post,Rural
267,2,1004,public,0.36363637,21.099848034018382,0.032258064,21.099848,1,1.0,1.0,1.0,21.099848,1.0,1.0,21.099848,1.0,1.0,21.099848,1.0,1.0,21.099848,1.0,1.0,21.099848,1.0,1.0,21.099848,1.0,1.0,21.099848,1.0,1.0,21.099848,1.0,1.0,21.099848,21.099848,1.0,21.099848,1.0,Replacement,Health Center,Public,Health Post,Rural
268,1,43,public,0.3030303,6.016502270153728,0.3809524,12.033005,1,0.5,1.0,1.0,6.0165024,1.0,1.0,6.0165024,1.0,1.0,6.0165024,1.0,1.0,6.0165024,1.0,1.0,6.0165024,1.0,1.0,6.0165024,1.0,1.0,6.0165024,1.0,1.0,6.0165024,1.0,1.0,6.0165024,6.0165024,1.0,6.0165024,1.0,Replacement,Health Post,Public,Health Post,Rural
269,1,43,public,0.3030303,6.016502270153728,0.3809524,6.0165024,1,1.0,1.0,1.0,6.0165024,1.0,1.0,6.0165024,1.0,1.0,6.0165024,1.0,1.0,6.0165024,1.0,1.0,6.0165024,1.0,1.0,6.0165024,1.0,1.0,6.0165024,1.0,1.0,6.0165024,1.0,1.0,6.0165024,6.0165024,1.0,6.0165024,1.0,Replacement,Health Post,Public,Health Post,Rural
270,1,46,public,0.3030303,2.604847389459864,0.33333334,2.6048474,1,1.0,1.0,1.0,2.6048474,1.0,1.0,2.6048474,1.0,1.0,2.6048474,1.0,1.0,2.6048474,1.0,1.0,2.6048474,1.0,1.0,2.6048474,1.0,1.0,2.6048474,1.0,1.0,2.6048474,1.0,1.0,2.6048474,2.6048474,1.0,2.6048474,1.0,Replacement,Health Post,Public,Health Post,Rural
273,3,802,private,0.25,3.0900773600296683,0.44444445,24.72062,1,0.125,0.6666667,0.6666667,4.635116,0.6666667,0.6666667,4.635116,0.6666667,0.6666667,4.635116,0.6666667,0.6666667,4.635116,0.6666667,0.6666667,4.635116,1.0,1.0,3.0900774,1.0,1.0,3.0900774,1.0,1.0,3.0900774,1.0,1.0,3.0900774,4.635116,0.6666667,3.0900774,1.0,Replacement,Health Center,Private,Health Center,Urban
274,1,41,public,0.3030303,1.89010989010989,0.7,0.0,1,1.0,1.0,1.0,1.8901099,1.0,1.0,1.8901099,1.0,1.0,1.8901099,1.0,1.0,1.8901099,1.0,1.0,1.8901099,1.0,1.0,1.8901099,1.0,1.0,1.8901099,1.0,1.0,1.8901099,1.0,1.0,1.8901099,1.8901099,1.0,1.8901099,1.0,Replacement,Health Post,Public,Health Post,Rural
275,1,46,public,0.3030303,2.604847389459864,0.33333334,2.6048474,1,1.0,1.0,1.0,2.6048474,1.0,1.0,2.6048474,1.0,1.0,2.6048474,1.0,1.0,2.6048474,1.0,1.0,2.6048474,1.0,1.0,2.6048474,1.0,1.0,2.6048474,1.0,1.0,2.6048474,1.0,1.0,2.6048474,2.6048474,1.0,2.6048474,1.0,Replacement,Health Post,Public,Health Post,Rural
276,1,708,public,0.3030303,2.4083537619210644,0.5423729,2.4083538,1,1.0,1.0,1.0,2.4083538,1.0,1.0,2.4083538,1.0,1.0,2.4083538,1.0,1.0,2.4083538,1.0,1.0,2.4083538,1.0,1.0,2.4083538,1.0,1.0,2.4083538,1.0,1.0,2.4083538,1.0,1.0,2.4083538,2.4083538,1.0,2.4083538,1.0,Replacement,Health Post,Public,Health Post,Rural
278,1,708,public,0.3030303,2.7090631306397746,0.5423729,2.709063,1,1.0,1.0,1.0,2.709063,1.0,1.0,2.709063,1.0,1.0,2.709063,1.0,1.0,2.709063,1.0,1.0,2.709063,1.0,1.0,2.709063,1.0,1.0,2.709063,1.0,1.0,2.709063,1.0,1.0,2.709063,2.709063,1.0,2.709063,1.0,Replacement,Health Post,Public,Health Post,Rural
280,1,708,public,0.3030303,2.017198492054547,0.5423729,4.034397,1,0.5,1.0,1.0,2.0171986,1.0,1.0,2.0171986,1.0,1.0,2.0171986,1.0,1.0,2.0171986,1.0,1.0,2.0171986,1.0,1.0,2.0171986,1.0,1.0,2.0171986,1.0,1.0,2.0171986,1.0,1.0,2.0171986,2.0171986,1.0,2.0171986,1.0,Replacement,Health Post,Public,Health Post,Rural
281,3,1009,private,0.25,1.2333127569639248,0.5925926,7.3998766,1,0.16666667,1.0,1.0,1.2333127,1.0,1.0,1.2333127,1.0,1.0,1.2333127,1.0,1.0,1.2333127,1.0,1.0,1.2333127,1.0,1.0,1.2333127,1.0,1.0,1.2333127,1.0,1.0,1.2333127,1.0,1.0,1.2333127,1.2333127,1.0,1.2333127,1.0,Replacement,Health Center,Private,Health Center,Urban
282,3,1015,public,0.25,6.3125,0.30769232,164.125,1,0.03846154,0.71428573,0.71428573,8.8375,0.71428573,0.71428573,8.8375,0.71428573,0.71428573,8.8375,0.71428573,0.71428573,8.8375,0.71428573,0.71428573,8.8375,1.0,1.0,6.3125,1.0,1.0,6.3125,1.0,1.0,6.3125,1.0,1.0,6.3125,8.8375,0.71428573,6.3125,1.0,Replacement,Health Center,Public,Health Center,Urban
283,3,1015,public,0.25,6.3125,0.30769232,164.125,1,0.03846154,0.8,0.8,7.890625,0.8,0.8,7.890625,0.8,0.8,7.890625,0.8,0.8,7.890625,0.8,0.8,7.890625,1.0,1.0,6.3125,1.0,1.0,6.3125,1.0,1.0,6.3125,1.0,1.0,6.3125,7.890625,0.8,6.3125,1.0,Replacement,Health Center,Public,Health Center,Urban
284,4,1001,public,1.0,2.326090405731419,0.5714286,146.5437,1,0.015873017,0.72727275,0.72727275,3.1983743,0.72727275,0.72727275,3.1983743,0.72727275,0.72727275,3.1983743,0.72727275,0.72727275,3.1983743,0.72727275,0.72727275,3.1983743,0.90909094,0.90909094,2.5586994,0.90909094,0.90909094,2.5586994,0.90909094,0.90909094,2.5586994,0.90909094,0.90909094,2.5586994,3.1983743,0.72727275,2.5586994,0.90909094,Replacement,Hospital,Public,Hospital,Urban
285,1,708,public,0.3030303,2.7090631306397746,0.5423729,8.12719,1,0.33333334,1.0,1.0,2.709063,1.0,1.0,2.709063,1.0,1.0,2.709063,1.0,1.0,2.709063,1.0,1.0,2.709063,1.0,1.0,2.709063,1.0,1.0,2.709063,1.0,1.0,2.709063,1.0,1.0,2.709063,2.709063,1.0,2.709063,1.0,Replacement,Health Post,Public,Health Post,Rural
286,1,18,public,0.3030303,15.187500000000002,0.08510638,30.375,1,0.5,1.0,1.0,15.1875,1.0,1.0,15.1875,1.0,1.0,15.1875,1.0,1.0,15.1875,1.0,1.0,15.1875,1.0,1.0,15.1875,1.0,1.0,15.1875,1.0,1.0,15.1875,1.0,1.0,15.1875,15.1875,1.0,15.1875,1.0,Replacement,Health Post,Public,Health Post,Rural
287,1,13,public,0.3030303,44.875,0.27586207,44.875,1,1.0,1.0,1.0,44.875,1.0,1.0,44.875,1.0,1.0,44.875,1.0,1.0,44.875,1.0,1.0,44.875,1.0,1.0,44.875,1.0,1.0,44.875,1.0,1.0,44.875,1.0,1.0,44.875,44.875,1.0,44.875,1.0,Replacement,Health Post,Public,Health Post,Rural
289,1,13,public,0.3030303,44.875,0.27586207,44.875,1,1.0,1.0,1.0,44.875,1.0,1.0,44.875,1.0,1.0,44.875,1.0,1.0,44.875,1.0,1.0,44.875,1.0,1.0,44.875,1.0,1.0,44.875,1.0,1.0,44.875,1.0,1.0,44.875,44.875,1.0,44.875,1.0,Replacement,Health Post,Public,Health Post,Rural
290,1,23,public,0.3030303,9.906250000000004,0.42105263,0.0,1,0.25,1.0,1.0,9.90625,1.0,1.0,9.90625,1.0,1.0,9.90625,1.0,1.0,9.90625,1.0,1.0,9.90625,1.0,1.0,9.90625,1.0,1.0,9.90625,1.0,1.0,9.90625,1.0,1.0,9.90625,9.90625,1.0,9.90625,1.0,Replacement,Health Post,Public,Health Post,Rural
