fac_id,wgt_fac,wgt_abs,wgt_know
401001,2.2435896,2.2435896,8.974359
401002,2.2435896,2.2435896,3.3653843
401003,2.2435896,2.2435896,2.2435896
401005,2.2435896,2.2435896,6.7307687
401006,2.2435896,2.2435896,2.2435896
401008,2.2435896,2.2435896,4.4871793
401010,2.2435896,2.2435896,2.2435896
401013,2.2435896,2.2435896,2.2435896
401015,2.2435896,2.2435896,8.974359
401016,2.2435896,2.2435896,4.4871793
401018,2.2435896,2.2435896,2.2435896
401020,2.2435896,2.2435896,3.3653843
401023,2.2435896,2.2435896,2.2435896
401024,1.0,1.0,1.6666666
401078,2.2435896,2.2435896,4.4871793
401079,2.2435896,2.2435896,4.4871793
401080,2.2435896,2.2435896,4.4871793
401081,2.2435896,2.2435896,2.2435896
401098,2.2435896,2.2435896,4.4871793
402002,2.255814,2.255814,2.255814
402004,2.255814,2.255814,3.383721
402005,2.255814,2.255814,2.255814
402007,2.255814,2.255814,2.255814
402008,2.255814,2.255814,15.790698
402011,1.0,1.0,1.25
402020,2.255814,2.255814,4.511628
403006,2.255814,2.255814,3.383721
403008,2.255814,2.255814,2.255814
403012,2.255814,2.255814,6.767442
403013,2.255814,2.255814,4.511628
403016,2.255814,2.255814,4.511628
403020,2.255814,2.255814,4.511628
403022,2.255814,2.255814,4.511628
404004,2.2435896,2.2435896,2.991453
404006,1.0,1.0,3.3333333
404007,1.0,1.0,1.5
404008,2.2435896,2.2435896,2.2435896
404009,2.2435896,2.2435896,4.4871793
404013,2.2435896,2.2435896,2.2435896
404014,2.2435896,2.2435896,5.608974
404038,2.2435896,2.2435896,6.7307687
404040,2.2435896,2.2435896,2.2435896
404042,2.2435896,2.2435896,5.608974
404950,,,
405001,2.255814,2.255814,4.511628
405005,2.255814,2.255814,4.511628
405006,2.255814,2.255814,3.383721
405007,2.255814,2.255814,2.255814
405009,2.255814,2.255814,4.511628
405010,2.255814,2.255814,2.255814
405011,2.255814,2.255814,4.511628
405013,2.255814,2.255814,4.511628
405014,1.0,1.0,3.0
406001,2.2307692,2.2307692,2.2307692
406003,2.2307692,2.2307692,4.4615383
406004,2.2307692,2.2307692,2.2307692
406010,1.0,1.0,1.6666666
406031,2.2307692,2.2307692,4.4615383
406946,,,
406947,,,
406949,,,
407001,2.2435896,2.2435896,2.2435896
407003,2.2435896,2.2435896,2.2435896
407007,2.2435896,2.2435896,2.2435896
408001,2.255814,2.255814,3.0077522
408002,2.255814,2.255814,3.383721
408005,2.255814,2.255814,3.9476745
408006,2.255814,2.255814,6.767442
408029,2.255814,2.255814,2.255814
409003,2.2307692,2.2307692,3.3461537
409004,2.2307692,2.2307692,2.2307692
409005,2.2307692,2.2307692,8.923077
409006,2.2307692,2.2307692,6.6923075
409007,2.2307692,2.2307692,2.2307692
409008,2.2307692,2.2307692,6.6923075
409010,2.2307692,2.2307692,5.576923
409011,2.2307692,2.2307692,2.9743588
409013,1.0,1.0,
409027,2.2307692,2.2307692,2.2307692
409029,2.2307692,2.2307692,7.8076916
409030,2.2307692,2.2307692,2.2307692
409031,2.2307692,2.2307692,3.3461537
409032,2.2307692,2.2307692,6.6923075
409033,2.2307692,2.2307692,2.2307692
409034,2.2307692,2.2307692,4.4615383
409041,2.2307692,2.2307692,4.4615383
409042,2.2307692,2.2307692,4.4615383
409043,2.2307692,2.2307692,3.3461537
409044,1.0,1.0,1.0
410001,2.2307692,2.2307692,2.9743588
410002,2.2307692,2.2307692,4.4615383
410004,2.2307692,2.2307692,17.846153
410005,2.2307692,2.2307692,2.9743588
410006,2.2307692,2.2307692,10.038461
410007,2.2307692,2.2307692,3.3461537
410009,2.2307692,2.2307692,2.2307692
410010,2.2307692,2.2307692,3.7179484
410012,2.2307692,2.2307692,2.2307692
410013,2.2307692,2.2307692,2.2307692
410014,2.2307692,2.2307692,2.2307692
410015,2.2307692,2.2307692,2.8681316
410016,2.2307692,2.2307692,6.6923075
410017,1.0,1.0,1.25
410077,2.2307692,2.2307692,4.4615383
410079,1.0,1.0,1.2
410132,2.2307692,2.2307692,6.6923075
410152,2.2307692,2.2307692,6.6923075
411001,2.2435896,2.2435896,8.974359
411002,2.2435896,2.2435896,8.974359
411003,2.2435896,2.2435896,2.2435896
411006,2.2435896,2.2435896,4.4871793
411009,2.2435896,2.2435896,2.6923077
411010,1.0,1.0,
411011,1.0,1.0,4.5
411039,2.2435896,2.2435896,2.991453
411040,2.2435896,2.2435896,2.2435896
411042,2.2435896,2.2435896,4.4871793
412001,2.255814,2.255814,6.767442
412003,2.255814,2.255814,3.0077522
412004,2.255814,2.255814,3.383721
412007,2.255814,2.255814,4.511628
412008,2.255814,2.255814,4.511628
412010,2.255814,2.255814,2.255814
412011,2.255814,2.255814,4.511628
412014,2.255814,2.255814,2.255814
412017,1.0,1.0,1.25
412068,2.255814,2.255814,2.255814
412094,2.255814,2.255814,4.511628
412110,2.255814,2.255814,6.767442
412112,2.255814,2.255814,2.255814
412953,,,
413001,2.255814,2.255814,3.5448508
413002,2.255814,2.255814,5.263566
413004,2.255814,2.255814,4.511628
413007,2.255814,2.255814,9.023256
413009,2.255814,2.255814,4.511628
413011,1.0,1.0,
413031,2.255814,2.255814,2.255814
413033,2.255814,2.255814,5.263566
413034,1.0,1.0,1.6
413948,,,
414002,2.2307692,2.2307692,4.4615383
414003,2.2307692,2.2307692,6.6923075
414009,2.2307692,2.2307692,4.4615383
414012,2.2307692,2.2307692,6.6923075
414055,2.2307692,2.2307692,4.4615383
414056,2.2307692,2.2307692,4.4615383
414058,2.2307692,2.2307692,2.2307692
414059,2.2307692,2.2307692,6.6923075
415001,2.2435896,2.2435896,3.3653843
415002,2.2435896,2.2435896,2.991453
415004,2.2435896,2.2435896,2.2435896
415005,2.2435896,2.2435896,3.3653843
415007,2.2435896,2.2435896,4.4871793
415010,2.2435896,2.2435896,2.2435896
415011,2.2435896,2.2435896,2.2435896
415013,2.2435896,2.2435896,6.7307687
415015,2.2435896,2.2435896,4.4871793
415016,2.2435896,2.2435896,2.2435896
415017,2.2435896,2.2435896,2.2435896
415019,2.2435896,2.2435896,2.2435896
415021,2.2435896,2.2435896,2.2435896
415022,2.2435896,2.2435896,2.2435896
415024,1.0,1.0,2.0
415054,2.2435896,2.2435896,2.2435896
416007,2.2307692,2.2307692,2.2307692
416012,2.2307692,2.2307692,3.3461537
416015,2.2307692,2.2307692,2.9743588
417001,1.0,1.0,5.0
417037,2.2307692,2.2307692,6.6923075
417038,2.2307692,2.2307692,3.5692306
417039,2.2307692,2.2307692,15.615383
417190,2.2307692,2.2307692,2.2307692
418003,2.2307692,2.2307692,2.2307692
418952,,,
419002,2.2435896,2.2435896,4.4871793
419004,2.2435896,2.2435896,4.4871793
419005,2.2435896,2.2435896,2.2435896
419006,2.2435896,2.2435896,2.2435896
419007,2.2435896,2.2435896,2.2435896
419008,2.2435896,2.2435896,2.2435896
419011,2.2435896,2.2435896,2.2435896
419016,2.2435896,2.2435896,2.2435896
419019,2.2435896,2.2435896,2.2435896
419021,1.0,1.0,4.0
419040,2.2435896,2.2435896,2.2435896
419041,2.2435896,2.2435896,2.2435896
419042,2.2435896,2.2435896,2.2435896
420001,2.2435896,2.2435896,2.2435896
420002,2.2435896,2.2435896,4.4871793
420004,2.2435896,2.2435896,2.2435896
420007,2.2435896,2.2435896,2.2435896
420008,2.2435896,2.2435896,2.2435896
420011,2.2435896,2.2435896,3.3653843
420012,2.2435896,2.2435896,2.2435896
420017,2.2435896,2.2435896,2.2435896
420019,2.2435896,2.2435896,4.4871793
420022,2.2435896,2.2435896,4.4871793
420033,2.2435896,2.2435896,2.2435896
501001,1.0,1.0,1.6666666
501003,5.262295,5.262295,7.016393
501008,5.262295,5.262295,
501024,5.262295,5.262295,5.262295
501025,5.262295,5.262295,5.262295
501031,5.262295,5.262295,5.262295
501032,5.262295,5.262295,5.262295
501034,5.262295,5.262295,10.52459
501036,5.262295,5.262295,13.155737
501038,5.262295,5.262295,7.016393
501041,5.262295,5.262295,7.3672123
502001,1.0,1.0,1.0
502007,5.3214283,5.3214283,7.0952377
502041,5.3214283,5.3214283,37.249996
502047,5.3214283,5.3214283,53.214283
502052,5.3214283,5.3214283,5.3214283
502054,5.3214283,5.3214283,5.3214283
502063,5.3214283,5.3214283,10.642857
502064,5.3214283,5.3214283,5.3214283
502069,5.3214283,5.3214283,15.964285
502073,5.3214283,5.3214283,5.3214283
502076,5.3214283,5.3214283,18.624998
502077,5.3214283,5.3214283,5.3214283
502093,5.3214283,5.3214283,5.3214283
502099,5.3214283,5.3214283,5.3214283
502102,5.3214283,5.3214283,5.3214283
502905,,,
503003,1.0,1.0,4.6666665
503004,5.262295,5.262295,17.540981
503014,5.262295,5.262295,5.262295
503016,5.262295,5.262295,42.09836
504003,5.262295,5.262295,5.262295
504004,1.0,1.0,2.0
504021,5.262295,5.262295,8.770491
504023,5.262295,5.262295,5.262295
504024,5.262295,5.262295,5.262295
504029,5.262295,5.262295,5.262295
504906,,,
505001,1.0,1.0,3.125
505007,5.3214283,5.3214283,5.3214283
505009,5.3214283,5.3214283,7.4499993
505028,5.3214283,5.3214283,15.964285
505029,5.3214283,5.3214283,5.3214283
505033,5.3214283,5.3214283,10.642857
505036,5.3214283,5.3214283,5.3214283
505040,5.3214283,5.3214283,5.3214283
505043,5.3214283,5.3214283,5.3214283
505048,5.3214283,5.3214283,5.3214283
505907,,,
506006,5.262295,5.262295,5.262295
506007,5.262295,5.262295,5.262295
506008,1.0,1.0,3.4999998
506027,5.262295,5.262295,5.262295
506029,5.262295,5.262295,5.262295
507006,1.0,1.0,1.2
507009,5.3214283,5.3214283,7.9821424
507014,5.3214283,5.3214283,5.3214283
507020,5.3214283,5.3214283,15.964285
507023,5.3214283,5.3214283,5.3214283
507033,5.3214283,5.3214283,5.3214283
507034,5.3214283,5.3214283,5.3214283
507039,5.3214283,5.3214283,10.642857
507042,5.3214283,5.3214283,5.3214283
507046,5.3214283,5.3214283,5.3214283
508001,5.262295,5.262295,5.262295
508004,5.262295,5.262295,5.262295
508006,5.262295,5.262295,15.786884
508021,1.0,1.0,3.6666665
508026,5.262295,5.262295,5.262295
508029,5.262295,5.262295,5.262295
508030,5.262295,5.262295,5.262295
508031,5.262295,5.262295,5.262295
508032,5.262295,5.262295,5.262295
508034,5.262295,5.262295,5.262295
508042,5.262295,5.262295,5.262295
508043,5.262295,5.262295,7.893442
508047,5.262295,5.262295,13.155737
508049,5.262295,5.262295,5.262295
508053,5.262295,5.262295,15.786884
508060,5.262295,5.262295,5.262295
508904,,,
508908,,,
509001,5.3214283,5.3214283,5.3214283
509004,5.3214283,5.3214283,5.3214283
509011,1.0,1.0,2.0
509020,5.3214283,5.3214283,5.3214283
509027,5.3214283,5.3214283,21.285713
509029,5.3214283,5.3214283,15.964285
509035,5.3214283,5.3214283,5.3214283
510003,5.262295,5.262295,5.262295
510016,5.262295,5.262295,5.262295
510019,1.0,1.0,1.6666666
510020,5.262295,5.262295,8.770491
510033,5.262295,5.262295,5.262295
510910,,,
510912,,,
511003,5.262295,5.262295,10.52459
511015,5.262295,5.262295,15.786884
511018,1.0,1.0,3.6
511020,5.262295,5.262295,5.262295
511023,5.262295,5.262295,10.52459
511025,5.262295,5.262295,10.52459
511027,5.262295,5.262295,5.262295
511909,,,
511911,,,
512001,5.3214283,5.3214283,15.964285
512004,5.3214283,5.3214283,5.3214283
512007,5.3214283,5.3214283,6.385714
512009,5.3214283,5.3214283,7.4499993
512018,1.0,1.0,2.75
512022,5.3214283,5.3214283,5.3214283
512027,5.3214283,5.3214283,58.53571
512028,5.3214283,5.3214283,5.3214283
512044,5.3214283,5.3214283,7.9821424
513005,5.262295,5.262295,5.262295
513015,5.262295,5.262295,5.262295
513016,5.262295,5.262295,5.262295
513021,5.262295,5.262295,7.893442
513023,1.0,1.0,4.5
513025,5.262295,5.262295,13.155737
513029,5.262295,5.262295,5.262295
513033,5.262295,5.262295,5.262295
514004,5.3214283,5.3214283,5.3214283
514005,5.3214283,5.3214283,5.3214283
514020,5.3214283,5.3214283,5.3214283
514024,5.3214283,5.3214283,
514029,5.3214283,5.3214283,21.285713
514030,5.3214283,5.3214283,5.3214283
514031,5.3214283,5.3214283,5.3214283
514034,1.0,1.0,6.6
514047,5.3214283,5.3214283,5.3214283
514049,5.3214283,5.3214283,
514051,5.3214283,5.3214283,5.3214283
515001,1.0,1.0,11.0
515009,5.262295,5.262295,5.262295
515021,1.0,1.0,2.0
515025,5.262295,5.262295,5.262295
515032,5.262295,5.262295,5.262295
515034,5.262295,5.262295,10.52459
515049,5.262295,5.262295,5.262295
515051,5.262295,5.262295,10.52459
515055,5.262295,5.262295,5.262295
516008,5.262295,5.262295,5.262295
516014,5.262295,5.262295,11.840163
516015,5.262295,5.262295,5.262295
516018,5.262295,5.262295,36.836063
516019,5.262295,5.262295,5.262295
516026,5.262295,5.262295,5.262295
516039,1.0,1.0,5.5
517011,5.262295,5.262295,5.262295
517024,1.0,1.0,3.4999998
517029,5.262295,5.262295,47.360653
517032,5.262295,5.262295,5.262295
517033,5.262295,5.262295,10.52459
517035,5.262295,5.262295,36.836063
517040,5.262295,5.262295,21.04918
517042,5.262295,5.262295,10.52459
517044,5.262295,5.262295,7.016393
517049,1.0,1.0,4.0
517901,,,
517902,,,
517903,,,
518002,5.262295,5.262295,13.155737
518011,5.262295,5.262295,5.262295
518013,5.262295,5.262295,5.262295
518019,5.262295,5.262295,5.262295
518022,5.262295,5.262295,5.262295
518024,5.262295,5.262295,5.262295
518026,5.262295,5.262295,5.262295
518028,5.262295,5.262295,5.262295
518034,5.262295,5.262295,10.52459
518042,5.262295,5.262295,21.04918
518046,5.262295,5.262295,10.52459
518057,5.262295,5.262295,
518063,5.262295,5.262295,5.262295
518066,5.262295,5.262295,5.262295
518068,5.262295,5.262295,5.262295
518081,1.0,1.0,2.25
518089,5.262295,5.262295,
518096,5.262295,5.262295,10.52459
518097,5.262295,5.262295,5.262295
518098,5.262295,5.262295,15.786884
518105,5.262295,5.262295,5.262295
518106,5.262295,5.262295,15.786884
518108,5.262295,5.262295,12.2786875
518118,5.262295,5.262295,5.262295
518120,5.262295,5.262295,7.893442
519006,5.262295,5.262295,10.52459
519008,5.262295,5.262295,15.786884
519010,5.262295,5.262295,5.262295
519013,5.262295,5.262295,5.262295
519021,5.262295,5.262295,5.262295
519022,1.0,1.0,5.2
519024,5.262295,5.262295,15.786884
519027,5.262295,5.262295,5.262295
519040,5.262295,5.262295,10.52459
520005,5.262295,5.262295,5.262295
520006,5.262295,5.262295,5.262295
520009,5.262295,5.262295,8.770491
520011,5.262295,5.262295,10.52459
520013,5.262295,5.262295,5.262295
520019,5.262295,5.262295,5.262295
520022,5.262295,5.262295,5.262295
520025,5.262295,5.262295,5.262295
520031,1.0,1.0,1.7499999
520032,5.262295,5.262295,7.893442
520033,5.262295,5.262295,10.52459
520037,5.262295,5.262295,5.262295
520038,5.262295,5.262295,5.262295
520044,5.262295,5.262295,5.262295
520046,5.262295,5.262295,5.262295
520059,5.262295,5.262295,10.52459
601001,1.0,31.0,2.6666667
601003,1.0,43.0,3.0
601004,1.0,37.0,6.0
601005,1.0,17.0,3.3333333
601006,1.0,13.0,6.0
601008,1.0,22.0,3.2499998
601009,1.0,8.0,3.4999998
601010,1.0,8.0,3.0
601011,1.0,14.0,2.0
601013,1.0,11.0,1.0
601014,1.0,1.0,1.0
602001,1.0,4.0,1.0
602002,1.0,25.0,2.0
602003,1.0,4.0,1.5
602004,1.0,12.0,3.0
602005,1.0,25.0,1.0
602006,1.0,13.0,8.0
602007,1.0,2.0,2.0
602008,1.0,1.0,1.0
602009,1.0,11.0,1.0
602011,1.0,4.0,3.0
602012,1.0,18.0,2.0
602013,1.0,4.0,1.5
602015,1.0,14.0,9.0
602016,1.0,49.0,1.7499999
602017,1.0,11.0,4.5
602018,1.0,35.0,3.4999998
602019,1.0,6.0,2.0
602021,1.0,13.0,4.0
602022,1.0,4.0,4.0
603001,1.0,17.0,2.5
603002,1.0,20.0,1.5
603003,1.0,43.0,1.6666666
603004,1.0,20.0,1.0
603005,1.0,39.0,1.6666666
603007,1.0,16.0,2.2
603008,1.0,31.0,4.25
603009,1.0,5.0,3.0
603010,1.0,9.0,1.0
603011,1.0,7.0,1.5
604001,1.0,29.0,
604002,1.0,55.0,1.5
604003,1.0,6.0,2.0
604004,1.0,6.0,1.0
604006,1.0,19.0,4.0
604007,1.0,10.0,3.0
604008,1.0,3.0,
604010,1.0,16.0,
604011,1.0,21.0,2.0
604013,1.0,4.0,1.0
604015,1.0,4.0,1.0
604016,1.0,92.0,1.3333334
604018,1.0,9.0,
604019,1.0,10.0,4.0
604020,1.0,12.0,3.0
604021,1.0,6.0,1.0
604023,1.0,5.0,1.5
605002,1.0,20.0,1.4
605004,1.0,5.0,1.0
605006,1.0,10.0,1.3333334
605007,1.0,11.0,1.0
605008,1.0,58.0,1.0
605009,1.0,4.0,
605011,1.0,13.0,5.0
605012,1.0,11.0,2.0
605013,1.0,2.0,1.0
605014,1.0,8.0,1.0
605015,1.0,10.0,2.0
605016,1.0,3.0,3.0
605017,1.0,23.0,1.3333334
605019,1.0,18.0,2.0
605020,1.0,3.0,1.0
605023,1.0,45.0,2.0
605024,1.0,2.0,2.0
605025,1.0,64.0,2.0
605026,1.0,3.0,
605027,1.0,12.0,1.1666666
605028,1.0,12.0,1.0
606001,1.0,25.0,2.0
606003,1.0,3.0,1.0
606004,1.0,3.0,1.0
606005,1.0,21.0,2.0
606006,1.0,15.0,2.0
606007,1.0,2.0,2.0
606008,1.0,1.0,1.0
606009,1.0,14.0,4.0
606010,1.0,11.0,1.0
606011,1.0,4.0,1.0
606012,1.0,1.0,1.0
606013,1.0,11.0,4.0
606014,1.0,10.0,1.0
606016,1.0,5.0,1.0
606018,1.0,7.0,2.0
606019,1.0,32.0,1.5
606020,1.0,13.0,1.0
606021,1.0,3.0,1.0
606022,1.0,8.0,4.0
606023,1.0,33.0,4.8
606024,1.0,16.0,1.0
606025,1.0,6.0,1.0
606026,1.0,6.0,3.0
606027,1.0,5.0,1.5
607001,1.0,45.0,5.0
607002,1.0,33.0,1.0
607003,1.0,11.0,4.0
607009,1.0,9.0,3.0
607010,1.0,29.0,1.25
607012,1.0,9.0,2.0
607015,1.0,8.0,1.0
607018,1.0,8.0,1.0
607020,1.0,12.0,1.0
607021,1.0,1.0,1.0
607024,1.0,4.0,2.0
607025,1.0,11.0,1.0
607028,1.0,7.0,1.0
607029,1.0,6.0,3.0
607031,1.0,12.0,1.0
607032,1.0,23.0,1.6666666
607034,1.0,22.0,1.2
607035,1.0,24.0,8.0
607037,1.0,23.0,1.5
607039,1.0,2.0,1.0
607041,1.0,2.0,1.0
608007,1.0,5.0,2.0
608012,1.0,26.0,3.0
608014,1.0,4.0,1.0
608015,1.0,9.0,1.7499999
608018,1.0,14.0,1.7499999
608020,1.0,6.0,2.0
608022,1.0,6.0,2.0
608023,1.0,69.0,1.5
608027,1.0,29.0,3.2499998
608028,11.0,44.0,22.0
608029,11.0,66.0,16.5
608030,11.0,110.0,22.0
608031,11.0,253.0,33.0
608032,11.0,935.0,38.5
608033,11.0,88.0,19.25
608034,11.0,132.0,22.0
608035,11.0,121.0,22.0
608036,1.0,12.0,1.0
608037,1.0,20.0,1.8333333
608038,1.0,7.0,1.0
608039,1.0,22.0,2.5
608040,1.0,15.0,1.0
608041,11.0,242.0,33.0
608042,11.0,462.0,48.399998
608043,11.0,88.0,22.0
608044,11.0,176.0,11.0
608045,11.0,154.0,25.666666
608048,1.0,8.0,1.5
608054,1.0,13.0,3.0
608055,1.0,26.0,2.0
608056,1.0,17.0,1.5
608057,1.0,107.0,1.8199999
608058,1.0,30.0,3.0
608060,1.0,49.0,3.4999998
608061,1.0,5.0,2.0
608062,,,
608063,,,
608066,,,
608068,,,
608069,,,
608070,,,
608071,,,
608072,,,
608073,,,
608074,,,
608075,,,
608076,,,
608077,,,
608078,,,
608079,,,
608080,,,
608081,,,
608082,,,
608083,,,
608084,,,
608085,,,
608086,,,
608087,,,
901002,3.1654677,3.1654677,3.1654677
901003,3.1654677,3.1654677,3.1654677
901004,3.1654677,3.1654677,3.1654677
901007,3.1654677,3.1654677,3.1654677
901008,3.1654677,3.1654677,4.7482014
901013,3.1654677,3.1654677,5.2757792
901014,3.1654677,3.1654677,6.3309355
901017,3.1654677,3.1654677,9.496403
901019,1.0,1.0,6.9999995
901020,3.1654677,3.1654677,6.3309355
902001,1.0,1.0,2.0
902016,1.0,1.0,2.6666667
902022,3.1654677,3.1654677,6.3309355
902023,3.1654677,3.1654677,9.496403
902026,3.1654677,3.1654677,3.1654677
902027,3.1654677,3.1654677,6.3309355
902028,3.1654677,3.1654677,3.1654677
902030,3.1654677,3.1654677,5.2757792
902033,3.1654677,3.1654677,5.5395684
902039,3.1654677,3.1654677,6.3309355
903005,3.1654677,3.1654677,4.7482014
903007,3.1654677,3.1654677,4.7482014
903009,3.1654677,3.1654677,6.3309355
903020,3.1654677,3.1654677,7.913669
903023,3.1654677,3.1654677,4.7482014
903025,3.1654677,3.1654677,4.7482014
903026,1.0,1.0,
904002,3.1654677,3.1654677,3.1654677
904003,3.1654677,3.1654677,12.661871
904004,3.1654677,3.1654677,3.1654677
904010,3.1654677,3.1654677,3.1654677
905008,3.1654677,3.1654677,15.827338
905009,3.1654677,3.1654677,6.3309355
905010,3.1654677,3.1654677,6.3309355
905015,3.1654677,3.1654677,6.3309355
905016,3.1654677,3.1654677,3.1654677
905017,3.1654677,3.1654677,3.1654677
905018,3.1654677,3.1654677,8.441247
905019,3.1654677,3.1654677,6.3309355
905031,3.1654677,3.1654677,7.913669
905032,3.1654677,3.1654677,12.661871
905036,3.1654677,3.1654677,15.827338
905037,3.1654677,3.1654677,6.3309355
905038,3.1654677,3.1654677,3.1654677
905041,3.1654677,3.1654677,3.1654677
905045,3.1654677,3.1654677,9.496403
905046,3.1654677,3.1654677,6.3309355
906001,1.0,1.0,1.0
906004,3.1654677,3.1654677,3.6930456
906006,3.1654677,3.1654677,6.3309355
906014,3.1654677,3.1654677,
906018,3.1654677,3.1654677,3.1654677
906021,3.1654677,3.1654677,6.3309355
906026,3.1654677,3.1654677,6.3309355
906034,3.1654677,3.1654677,3.1654677
906035,3.1654677,3.1654677,3.1654677
906957,,,
906958,,,
906959,,,
907002,3.1654677,3.1654677,6.3309355
907003,3.1654677,3.1654677,11.079137
907004,,,
907012,3.1654677,3.1654677,4.2206235
907013,3.1654677,3.1654677,
907015,3.1654677,3.1654677,12.661871
907017,3.1654677,3.1654677,6.3309355
907018,3.1654677,3.1654677,7.913669
907027,3.1654677,3.1654677,20.575539
907028,3.1654677,3.1654677,7.913669
907029,3.1654677,3.1654677,9.496403
907031,3.1654677,3.1654677,9.496403
907032,3.1654677,3.1654677,4.7482014
907033,3.1654677,3.1654677,6.964029
907034,3.1654677,3.1654677,3.1654677
907035,3.1654677,3.1654677,3.1654677
907036,3.1654677,3.1654677,3.1654677
907038,3.1654677,3.1654677,4.2206235
907039,3.1654677,3.1654677,6.3309355
907041,3.1654677,3.1654677,8.705036
907042,3.1654677,3.1654677,
907043,3.1654677,3.1654677,4.7482014
907044,3.1654677,3.1654677,4.7482014
907051,3.1654677,3.1654677,6.3309355
907053,3.1654677,3.1654677,3.1654677
907056,3.1654677,3.1654677,12.661871
907057,3.1654677,3.1654677,6.3309355
907059,3.1654677,3.1654677,4.7482014
907061,3.1654677,3.1654677,3.1654677
907777,,,
909001,3.1654677,3.1654677,4.924061
909002,3.1654677,3.1654677,9.496403
909005,3.1654677,3.1654677,3.1654677
909009,3.1654677,3.1654677,10.129497
909010,3.1654677,3.1654677,5.6978416
909011,3.1654677,3.1654677,5.2757792
909012,3.1654677,3.1654677,4.7482014
909999,,,
910002,3.1612904,3.1612904,26.870968
910004,3.1612904,3.1612904,4.7419353
910018,3.1612904,3.1612904,9.4838705
910024,3.1612904,3.1612904,5.268817
910028,3.1612904,3.1612904,6.322581
910032,3.1612904,3.1612904,6.322581
910033,3.1612904,3.1612904,3.1612904
910038,3.1612904,3.1612904,4.7419353
911001,3.1654677,3.1654677,4.7482014
911010,3.1654677,3.1654677,6.3309355
911014,1.0,1.0,1.0
911016,3.1654677,3.1654677,3.1654677
911019,3.1654677,3.1654677,6.3309355
911023,3.1654677,3.1654677,6.3309355
911024,3.1654677,3.1654677,5.0647483
911026,3.1654677,3.1654677,6.3309355
911028,1.0,1.0,1.5
911029,1.0,1.0,1.6666666
911030,3.1654677,3.1654677,6.3309355
911031,3.1654677,3.1654677,18.992805
911038,3.1654677,3.1654677,12.661871
911040,3.1654677,3.1654677,3.1654677
911041,3.1654677,3.1654677,4.431655
912001,1.0,1.0,1.0
912002,3.1654677,3.1654677,12.661871
912004,1.0,1.0,6.9999995
912011,3.1654677,3.1654677,6.3309355
912012,3.1654677,3.1654677,3.1654677
912013,3.1654677,3.1654677,15.827338
912019,3.1654677,3.1654677,3.1654677
912029,3.1654677,3.1654677,4.7482014
912034,3.1654677,3.1654677,6.3309355
913008,1.0,1.0,1.0
913010,3.1612904,3.1612904,9.4838705
913016,3.1612904,3.1612904,3.1612904
913017,3.1612904,3.1612904,3.1612904
913022,3.1612904,3.1612904,6.322581
913024,3.1612904,3.1612904,3.1612904
913027,3.1612904,3.1612904,7.1129036
913038,3.1612904,3.1612904,3.1612904
913955,,,
913956,,,
914007,3.1654677,3.1654677,4.7482014
914008,3.1654677,3.1654677,6.3309355
914010,3.1654677,3.1654677,6.3309355
914015,1.0,1.0,3.2
914019,3.1654677,3.1654677,4.7482014
914020,3.1654677,3.1654677,
914026,3.1654677,3.1654677,3.1654677
914027,3.1654677,3.1654677,6.3309355
914161,,,
914960,,,
914962,,,
915002,3.1612904,3.1612904,3.1612904
915003,3.1612904,3.1612904,6.322581
915010,1.0,1.0,2.875
915024,3.1612904,3.1612904,6.322581
915025,3.1612904,3.1612904,6.322581
915027,3.1612904,3.1612904,3.1612904
915030,3.1612904,3.1612904,6.322581
915034,3.1612904,3.1612904,3.1612904
915035,3.1612904,3.1612904,3.1612904
915037,3.1612904,3.1612904,3.1612904
915039,3.1612904,3.1612904,3.1612904
915040,3.1612904,3.1612904,6.322581
915043,3.1612904,3.1612904,12.645162
915046,3.1612904,3.1612904,3.1612904
915052,3.1612904,3.1612904,6.322581
915055,3.1612904,3.1612904,3.1612904
916001,1.0,1.0,6.0
916018,3.1654677,3.1654677,8.441247
916023,3.1654677,3.1654677,11.606714
916025,3.1654677,3.1654677,7.5971227
916026,3.1654677,3.1654677,6.3309355
916031,3.1654677,3.1654677,22.158274
916034,3.1654677,3.1654677,4.7482014
917001,3.1654677,3.1654677,17.410072
917010,3.1654677,3.1654677,3.1654677
917013,1.0,1.0,
917019,3.1654677,3.1654677,6.3309355
917021,3.1654677,3.1654677,9.496403
917029,3.1654677,3.1654677,3.1654677
917030,3.1654677,3.1654677,12.661871
917031,3.1654677,3.1654677,6.3309355
917032,3.1654677,3.1654677,6.3309355
917037,3.1654677,3.1654677,12.661871
917041,3.1654677,3.1654677,3.1654677
917048,3.1654677,3.1654677,3.1654677
917049,3.1654677,3.1654677,4.7482014
917052,3.1654677,3.1654677,6.3309355
917055,3.1654677,3.1654677,3.1654677
917059,3.1654677,3.1654677,6.3309355
917062,3.1654677,3.1654677,3.1654677
917068,3.1654677,3.1654677,3.1654677
917071,3.1654677,3.1654677,6.3309355
918006,3.375,3.375,12.375
918007,3.375,3.375,3.9375
918013,1.0,1.0,1.5
918014,3.375,3.375,3.375
918019,3.375,3.375,9.45
918026,3.375,3.375,13.5
918028,3.375,3.375,3.375
918032,1.0,1.0,1.7142857
918035,3.375,3.375,10.125
918049,3.375,3.375,3.375
955555,,,
966666,,,
988888,,,
1301003,1.5714287,1.5714287,1.5714287
1301004,1.5714287,1.5714287,1.5714287
1301007,1.5714287,1.5714287,8.642858
1301014,1.5714287,1.5714287,1.5714287
1301015,1.5714287,1.5714287,1.5714287
1301016,1.5714287,1.5714287,1.5714287
1301017,1.5714287,1.5714287,
1301020,1.5714287,1.5714287,
1301031,1.5714287,1.5714287,1.9642859
1301032,1.5714287,1.5714287,1.5714287
1301035,1.5714287,1.5714287,5.5
1301036,1.5714287,1.5714287,1.5714287
1301037,1.5714287,1.5714287,4.714286
1301040,1.5714287,1.5714287,1.5714287
1301043,1.5714287,1.5714287,2.357143
1301050,1.5714287,1.5714287,1.5714287
1301052,1.5714287,1.5714287,2.0952382
1301054,1.5714287,1.5714287,3.1428573
1301074,1.5714287,1.5714287,1.5714287
1302001,1.5714287,1.5714287,4.871429
1302007,1.5714287,1.5714287,1.5714287
1302008,1.5714287,1.5714287,1.5714287
1302009,1.5714287,1.5714287,3.1428573
1302010,1.0,1.0,1.0
1302012,1.5714287,1.5714287,1.5714287
1302013,1.5714287,1.5714287,1.5714287
1302014,1.5714287,1.5714287,1.5714287
1302015,1.5714287,1.5714287,3.5357144
1302018,1.5714287,1.5714287,3.9285717
1302023,1.5714287,1.5714287,1.5714287
1303001,1.5714287,1.5714287,4.714286
1303004,1.5714287,1.5714287,3.1428573
1303005,1.5714287,1.5714287,6.2857146
1303012,1.5714287,1.5714287,4.714286
1303013,1.5714287,1.5714287,1.5714287
1303015,1.5714287,1.5714287,2.6190476
1303017,1.5714287,1.5714287,3.1428573
1303019,1.5714287,1.5714287,3.1428573
1303021,1.5714287,1.5714287,3.6666667
1303024,1.5714287,1.5714287,2.357143
1303938,,,
1304001,1.0,1.0,1.5
1304003,1.5714287,1.5714287,3.1428573
1304004,1.5714287,1.5714287,2.0952382
1304005,1.5714287,1.5714287,1.5714287
1304006,1.5714287,1.5714287,1.920635
1304007,1.5714287,1.5714287,3.4571428
1304013,1.5714287,1.5714287,3.5357144
1304015,1.5714287,1.5714287,
1304016,1.5714287,1.5714287,1.5714287
1304018,1.5714287,1.5714287,1.5714287
1304019,1.5714287,1.5714287,3.5357144
1304022,1.5714287,1.5714287,3.1428573
1304024,1.5714287,1.5714287,
1304025,1.5714287,1.5714287,
1304026,1.5714287,1.5714287,3.1428573
1304940,,,
1305001,1.0,1.0,2.0
1305002,1.5869566,1.5869566,2.0630436
1305003,1.5869566,1.5869566,4.7608695
1305004,1.5869566,1.5869566,1.5869566
1305007,1.5869566,1.5869566,3.1739132
1305008,1.5869566,1.5869566,1.5869566
1305010,1.5869566,1.5869566,1.5869566
1305013,1.5869566,1.5869566,1.5869566
1305014,1.5869566,1.5869566,4.3641305
1305015,1.5869566,1.5869566,5.554348
1305019,1.5869566,1.5869566,3.9673915
1305020,1.5869566,1.5869566,4.7608695
1305022,1.5869566,1.5869566,1.5869566
1305023,1.5869566,1.5869566,1.5869566
1305024,1.0,1.0,1.0
1305026,1.5869566,1.5869566,1.5869566
1305027,1.5869566,1.5869566,1.5869566
1305028,1.5869566,1.5869566,3.9673915
1305944,,,
1306005,1.5869566,1.5869566,2.3804348
1306008,1.5869566,1.5869566,3.1739132
1306009,1.5869566,1.5869566,1.5869566
1306014,1.0,1.0,1.5
1306016,1.5869566,1.5869566,1.5869566
1306021,1.5869566,1.5869566,6.3478265
1306025,1.5869566,1.5869566,1.5869566
1306942,,,
1307002,1.5714287,1.5714287,3.1428573
1307004,1.0,1.0,1.5
1307005,1.5714287,1.5714287,5.2380953
1307006,1.5714287,1.5714287,2.357143
1307009,1.5714287,1.5714287,9.428572
1307010,1.5714287,1.5714287,3.1428573
1307015,1.5714287,1.5714287,7.8571434
1307021,1.5714287,1.5714287,3.1428573
1307023,1.5714287,1.5714287,4.714286
1308002,1.5869566,1.5869566,22.217392
1308003,1.5869566,1.5869566,
1308004,1.5869566,1.5869566,1.5869566
1308006,1.5869566,1.5869566,2.1159422
1308007,1.0,1.0,1.5
1308012,1.5869566,1.5869566,2.777174
1308014,1.5869566,1.5869566,4.7608695
1308017,1.5869566,1.5869566,2.1159422
1308019,1.5869566,1.5869566,4.7608695
1308020,1.5869566,1.5869566,3.7028987
1308021,1.5869566,1.5869566,3.1739132
1308025,1.5869566,1.5869566,6.876812
1308027,1.5869566,1.5869566,1.5869566
1309003,1.5869566,1.5869566,5.157609
1309004,1.0,1.0,2.3333333
1309007,1.5869566,1.5869566,2.3804348
1309008,1.5869566,1.5869566,6.3478265
1309010,1.5869566,1.5869566,4.7608695
1309011,1.5869566,1.5869566,1.5869566
1309013,1.5869566,1.5869566,3.1739132
1309014,1.5869566,1.5869566,4.7608695
1309015,1.5869566,1.5869566,7.934783
1309016,1.5869566,1.5869566,3.1739132
1309017,1.5869566,1.5869566,6.3478265
1309019,1.5869566,1.5869566,3.1739132
1309020,1.5869566,1.5869566,7.934783
1309021,1.5869566,1.5869566,2.777174
1309022,1.5869566,1.5869566,6.3478265
1309023,1.5869566,1.5869566,1.5869566
1309025,1.5869566,1.5869566,6.3478265
1309026,1.5869566,1.5869566,1.5869566
1309029,1.5869566,1.5869566,1.5869566
1309030,1.5869566,1.5869566,3.7028987
1309031,1.5869566,1.5869566,
1309033,1.5869566,1.5869566,5.157609
1310002,1.5714287,1.5714287,1.5714287
1310007,1.5714287,1.5714287,1.7959185
1310008,1.5714287,1.5714287,1.5714287
1310010,1.5714287,1.5714287,1.5714287
1310011,1.5714287,1.5714287,2.8285716
1310017,1.0,1.0,3.0
1310019,1.5714287,1.5714287,2.357143
1310020,1.5714287,1.5714287,1.5714287
1310021,1.5714287,1.5714287,3.1428573
1310023,1.5714287,1.5714287,2.0952382
1310024,1.5714287,1.5714287,2.0952382
1310026,1.5714287,1.5714287,1.5714287
1310028,1.5714287,1.5714287,1.5714287
1310941,,,
1311001,1.5869566,1.5869566,4.2318845
1311002,1.5869566,1.5869566,3.1739132
1311003,1.5869566,1.5869566,1.5869566
1311007,1.5869566,1.5869566,1.5869566
1311008,1.5869566,1.5869566,3.1739132
1311009,1.5869566,1.5869566,1.5869566
1311010,1.0,1.0,1.0
1311012,1.5869566,1.5869566,3.1739132
1311013,1.5869566,1.5869566,1.5869566
1311016,1.5869566,1.5869566,1.5869566
1311019,1.5869566,1.5869566,6.3478265
1311020,1.5869566,1.5869566,9.521739
1311021,1.5869566,1.5869566,4.7608695
1311024,1.5869566,1.5869566,7.141305
1311029,1.5869566,1.5869566,7.934783
1311031,1.5869566,1.5869566,4.7608695
1311939,,,
1312001,1.5869566,1.5869566,6.3478265
1312002,1.5869566,1.5869566,3.1739132
1312003,1.5869566,1.5869566,3.9673915
1312004,1.5869566,1.5869566,4.7608695
1312009,1.5869566,1.5869566,1.5869566
1313003,1.5869566,1.5869566,2.8565218
1313004,1.5869566,1.5869566,1.5869566
1313007,1.5869566,1.5869566,2.5391307
1313011,1.0,1.0,1.0
1313012,1.5869566,1.5869566,1.904348
1313016,1.5869566,1.5869566,4.2318845
1313019,1.5869566,1.5869566,7.934783
1313020,1.5869566,1.5869566,4.2318845
1313022,1.5869566,1.5869566,4.7608695
1313023,1.5869566,1.5869566,3.7028987
1313026,1.5869566,1.5869566,1.5869566
1313027,1.5869566,1.5869566,2.1159422
1313028,1.5869566,1.5869566,3.9673915
1314002,1.5869566,1.5869566,9.521739
1314003,1.5869566,1.5869566,2.3804348
1314006,1.0,1.0,2.4
1314007,1.5869566,1.5869566,6.876812
1314011,1.5869566,1.5869566,3.5706525
1314012,1.5869566,1.5869566,4.7608695
1314014,1.5869566,1.5869566,5.289855
1315002,1.5714287,1.5714287,3.1428573
1315006,1.5714287,1.5714287,4.714286
1315007,1.5714287,1.5714287,1.5714287
1315011,1.5714287,1.5714287,1.5714287
1315012,1.5714287,1.5714287,2.357143
1315014,1.5714287,1.5714287,3.9285717
1315015,1.5714287,1.5714287,2.6190476
1315016,1.5714287,1.5714287,3.1428573
1315017,1.5714287,1.5714287,1.5714287
1315943,,,
1316001,1.5714287,1.5714287,5.7619047
1316003,1.0,1.0,1.0
1316004,1.5714287,1.5714287,4.1904764
1316006,1.5714287,1.5714287,3.6666667
1316009,1.0,1.0,1.0
1316011,1.5714287,1.5714287,3.9285717
1316013,1.5714287,1.5714287,4.714286
1316015,1.5714287,1.5714287,4.714286
1316017,1.5714287,1.5714287,4.714286
1316018,1.5714287,1.5714287,3.9285717
1316019,1.0,1.0,1.5
1316021,1.5714287,1.5714287,3.1428573
1316023,1.5714287,1.5714287,6.809524
1316024,1.5714287,1.5714287,4.714286
1601006,14.592592,58.37037,19.456789
1601019,2.875,34.5,10.0625
1601030,2.875,40.25,8.625
1601041,1.0,93.0,1.32
1601049,2.875,25.875,4.7916665
1602002,2.875,5.75,2.875
1602007,2.875,23.0,3.8333333
1602008,2.875,11.5,2.875
1602009,2.875,23.0,4.7916665
1602010,2.875,17.25,4.3125
1602011,2.875,11.5,4.3125
1602012,2.875,14.375,3.8333333
1602017,14.592592,160.51851,14.592592
1602019,2.875,20.125,5.75
1602025,2.875,14.375,4.3125
1602030,2.875,25.875,3.8333333
1602039,2.875,20.125,5.75
1602041,2.875,20.125,4.3125
1603013,2.875,11.5,4.3125
1603017,2.875,17.25,4.3125
1603026,2.875,14.375,3.59375
1603028,2.875,2.875,2.875
1603030,2.875,14.375,3.8333333
1603034,14.592592,175.11111,43.777775
1603036,2.875,51.75,5.1749997
1603041,2.875,31.625,7.6666665
1604011,2.875,31.625,8.625
1604017,2.875,17.25,11.5
1604024,14.592592,189.7037,24.320986
1604038,2.875,25.875,8.625
1605010,2.875,5.75,2.875
1605026,2.875,5.75,2.875
1605031,2.875,11.5,2.875
1605047,14.360001,100.520004,14.360001
1606003,2.875,20.125,3.59375
1606009,2.875,8.625,4.3125
1606012,2.875,31.625,4.6
1606015,14.360001,43.08,14.360001
1606016,2.875,40.25,7.1875
1606019,2.875,17.25,2.875
1606025,2.875,11.5,4.3125
1606027,14.360001,43.08,21.54
1606030,14.592592,14.592592,14.592592
1607007,2.875,37.375,2.875
1607009,2.875,37.375,2.875
1607014,14.592592,364.81482,24.320986
1607016,2.875,25.875,3.6964285
1607018,2.875,17.25,2.875
1607030,2.875,25.875,12.9375
1607034,1.0,58.0,2.5
1608005,14.592592,131.33333,29.185184
1608009,2.875,8.625,2.875
1608040,2.875,40.25,4.3125
1608046,14.592592,14.592592,
1608061,2.875,11.5,2.875
1608063,14.360001,57.440002,43.08
1608069,2.875,5.75,2.875
1608076,2.875,5.75,2.875
1609009,2.875,11.5,2.875
1609022,2.875,23.0,2.875
1609023,2.875,11.5,2.875
1609029,2.875,8.625,2.875
1609037,2.875,8.625,5.75
1609038,2.875,11.5,2.875
1609040,2.875,8.625,2.875
1610001,2.875,5.75,2.875
1610013,14.592592,145.92592,14.592592
1610021,2.875,17.25,8.625
1610029,2.875,14.375,2.875
1610033,2.875,17.25,2.875
1610035,2.875,5.75,5.75
1610037,14.360001,14.360001,14.360001
1611005,2.875,17.25,5.75
1611011,2.875,23.0,4.3125
1611013,2.875,8.625,2.875
1611014,2.875,11.5,3.8333333
1611026,2.875,97.75,5.3906245
1611028,1.0,79.0,1.18
1611029,14.360001,244.12001,14.360001
1611035,2.875,163.875,5.75
1611042,14.360001,28.720001,14.360001
1611052,1.0,69.0,1.6666666
1611062,2.875,31.625,4.7916665
1612004,2.875,17.25,8.625
1612005,2.875,14.375,5.75
1612006,2.875,14.375,3.59375
1612007,2.875,14.375,7.1875
1612011,2.875,8.625,2.875
1612013,2.875,25.875,6.7083335
1612014,2.875,11.5,8.625
1612017,1.0,49.0,3.4999998
1612019,2.875,14.375,5.75
1612022,14.360001,157.96,38.293335
1612023,2.875,8.625,5.75
1612036,2.875,17.25,4.3125
1613004,2.875,28.75,5.75
1613005,2.875,20.125,8.625
1613016,2.875,37.375,3.3977273
1613020,14.360001,71.8,35.9
1613026,2.875,20.125,2.875
1613029,2.875,23.0,4.7916665
1614002,14.360001,114.880005,35.9
1614003,1.0,7.0,1.25
1614006,2.875,40.25,7.1875
1614011,2.875,34.5,7.1875
1614013,2.875,8.625,8.625
1615003,2.875,,
1615006,2.875,46.0,3.953125
1615013,2.875,17.25,2.875
1615017,2.875,28.75,6.7083335
1615019,2.875,37.375,6.7083335
1615022,2.875,34.5,12.9375
1616001,2.875,14.375,2.875
1616005,2.875,17.25,
1616007,14.360001,57.440002,14.360001
1616014,2.875,40.25,4.3125
1616018,2.875,23.0,2.875
1617003,2.875,17.25,3.8333333
1617006,1.0,13.0,2.1666667
1617011,2.875,14.375,7.1875
1617012,2.875,20.125,6.7083335
1617021,2.875,28.75,5.75
1617024,1.0,50.0,1.5
1617025,2.875,69.0,11.5
1617028,14.592592,131.33333,29.185184
1617033,2.875,5.75,5.75
1618001,2.875,11.5,2.875
1618003,2.875,11.5,2.875
1618004,2.875,8.625,5.75
1618006,2.875,5.75,2.875
1618008,2.875,37.375,5.75
1618009,2.875,11.5,2.875
1618011,2.875,17.25,2.875
1618013,1.0,43.0,5.0
1618015,2.875,11.5,8.625
1618017,2.875,11.5,2.875
1618020,2.875,14.375,2.875
1618024,14.592592,43.77778,14.592592
1618037,2.875,8.625,8.625
1619006,1.0,2.0,2.0
1619007,1.0,3.0,2.0
1619009,14.999999,44.999996,14.999999
1619010,1.0,11.0,4.0
1619011,1.0,3.0,1.0
1619013,1.0,3.0,3.0
1619015,1.0,8.0,2.0
1619018,1.0,4.0,1.0
1619019,1.0,3.0,1.0
1619020,1.0,2.0,1.0
1619021,1.0,6.0,1.5
1619023,14.999999,74.99999,29.999998
1619026,1.0,2.0,1.0
1619027,1.0,2.0,2.0
1619033,1.0,6.0,1.5
1619034,1.0,4.0,1.0
1619041,14.624999,102.37499,14.624999
1619045,1.0,80.0,3.4999998
1619052,1.0,3.0,1.0
1620025,14.360001,43.08,14.360001
1620029,2.875,31.625,9.583333
1620030,14.592592,102.14815,14.592592
1620038,14.592592,1065.2593,29.185184
1620054,14.360001,14.360001,14.360001
1620065,2.875,11.5,2.875
1621010,2.875,11.5,11.5
1621012,2.875,11.5,11.5
1621023,14.360001,186.68001,28.720001
1621026,2.875,11.5,2.875
1621029,14.592592,29.185184,14.592592
1621030,2.875,11.5,5.75
1621032,2.875,11.5,2.875
1621038,2.875,11.5,5.75
1621048,14.592592,72.96296,14.592592
1622008,2.875,14.375,2.875
1622020,2.875,11.5,5.75
1622024,2.875,8.625,4.3125
1622026,2.875,17.25,2.875
1622028,2.875,20.125,8.625
1622029,14.360001,43.08,14.360001
1622039,2.875,8.625,4.3125
1622045,2.875,25.875,6.46875
1622046,2.875,11.5,2.875
1622047,2.875,23.0,7.1875
1622049,14.592592,58.37037,29.185184
1622061,2.875,25.875,2.875
1623003,2.875,17.25,4.3125
1623019,2.875,20.125,5.75
1623021,2.875,20.125,17.25
1623028,2.875,120.75,71.875
1623033,14.592592,,29.185184
1623038,14.360001,28.720001,28.720001
1623041,2.875,23.0,7.1875
1623044,2.875,31.625,3.8333333
1623048,2.875,20.125,5.75
1624024,14.624999,233.99998,14.624999
1624028,1.0,5.0,2.0
1624030,14.624999,248.62498,80.43749
1624043,1.0,71.0,1.22
1624082,14.624999,160.87498,102.37499
1624083,14.624999,102.37499,14.624999
1624103,14.624999,29.249998,14.624999
1624104,14.624999,131.62498,18.281248
1624118,14.999999,2744.9998,40.8
1625005,2.875,14.375,3.59375
1625009,2.875,20.125,4.3125
1625029,14.592592,116.74074,14.592592
1625033,2.875,20.125,8.625
1625041,14.592592,204.2963,14.592592
1625046,2.875,8.625,2.875
1625047,2.875,14.375,3.8333333
1625049,14.360001,43.08,14.360001
1625054,2.875,51.75,5.270833
1625061,2.875,17.25,5.75
1625063,2.875,8.625,4.3125
1626002,2.875,17.25,4.3125
1626003,14.360001,28.720001,28.720001
1626005,2.875,54.625,10.541666
1626013,14.360001,71.8,14.360001
1626016,14.360001,114.880005,43.08
1626020,14.592592,102.14815,14.592592
1626025,1.0,96.0,1.5
1626037,2.875,11.5,2.875
1626039,2.875,25.875,4.3125
1626041,2.875,14.375,4.3125
1626050,14.592592,204.2963,14.592592
1626051,2.875,43.125,6.46875
1627004,2.875,23.0,3.8333333
1627010,2.875,40.25,4.3125
1627015,2.875,14.375,4.3125
1627020,2.875,20.125,4.3125
1801005,6.813187,6.813187,6.813187
1801010,6.813187,27.252748,6.813187
1801011,6.813187,34.065937,6.813187
1801034,6.813187,27.252748,6.813187
1801035,6.813187,68.131874,10.21978
1801041,6.813187,129.45056,10.21978
1801045,1.0,128.0,1.8199999
1801053,6.813187,6.813187,6.813187
1801056,6.813187,20.439562,20.43956
1801073,6.813187,6.813187,6.813187
1802004,6.95,27.8,6.95
1802012,6.95,76.45,13.9
1802018,6.95,41.699997,13.9
1802026,6.95,13.9,6.95
1802039,6.95,382.25,17.375
1802040,15.142857,151.42856,15.142857
1802049,6.95,139.0,6.95
1802063,1.0,222.0,3.6
1802067,6.95,48.649998,6.95
1802068,6.95,180.7,6.95
1802069,1.0,156.0,2.56
1803009,6.813187,47.69231,9.0842495
1803012,1.0,82.0,1.26
1803017,6.813187,27.252748,6.813187
1803025,6.813187,54.505497,10.21978
1803029,6.813187,6.813187,6.813187
1803049,6.813187,47.69231,6.813187
1804010,6.95,13.9,6.95
1804018,15.142857,45.42857,15.142857
1804021,15.142857,75.71428,15.142857
1804028,6.95,13.9,6.95
1804033,6.95,34.75,13.9
1804045,6.95,13.9,6.95
1804054,6.95,125.1,13.9
1804055,6.95,90.35,17.375
1804059,1.0,105.0,1.88
1804081,6.95,41.699997,13.9
1804082,1.0,62.0,4.0
1804091,6.95,13.9,6.95
1804093,6.95,76.45,20.849998
1805003,14.636364,73.18182,14.636364
1805004,1.0,56.0,1.0
1805007,6.813187,6.813187,6.813187
1805010,14.636364,117.09091,14.636364
1805013,6.813187,20.439562,6.813187
1805018,14.636364,58.545456,14.636364
1805020,6.813187,40.879124,6.813187
1805029,6.813187,6.813187,6.813187
1805037,6.813187,34.065937,6.813187
1805038,6.813187,27.252748,6.813187
1806001,1.0,61.0,2.5
1806007,6.813187,81.75825,13.626374
1806016,14.636364,87.818184,29.272728
1806038,6.813187,13.626374,6.813187
1806040,6.813187,34.065937,6.813187
1806047,6.813187,40.879124,13.626374
1806053,6.813187,68.131874,6.813187
1806057,6.813187,20.439562,6.813187
1807003,6.813187,6.813187,6.813187
1807023,6.813187,13.626374,6.813187
1807036,6.813187,190.76924,13.626374
1807040,1.0,161.0,2.92
1807041,14.636364,395.18182,14.636364
1807044,6.813187,81.75825,6.813187
1807050,6.813187,54.505497,13.626374
1807051,6.813187,68.131874,6.813187
1808009,6.95,48.649998,10.424999
1808010,6.95,13.9,6.95
1808024,6.95,27.8,13.9
1808032,1.0,76.0,1.32
1808042,1.0,125.0,2.0800002
1808044,15.142857,136.2857,60.571426
1808046,6.95,166.79999,27.8
1808052,6.95,27.8,6.95
1808058,6.95,41.699997,10.424999
1808060,15.142857,363.42856,105.99999
1808063,6.95,111.2,13.9
1809021,14.647059,600.5294,36.61765
1809029,6.8125005,74.93751,9.083334
1809034,14.647059,278.29413,14.647059
1809044,1.0,145.0,1.96
1809047,6.8125005,88.56251,17.03125
1809072,14.647059,790.9412,48.82353
1809079,14.647059,131.82353,21.970589
1809083,14.647059,249.00002,29.294119
1809097,1.0,57.0,
1809108,14.647059,,
1809115,14.647059,366.17648,14.647059
1809122,14.647059,1215.7059,43.941177
1810021,14.647059,14.647059,
1810037,1.0,444.0,8.08
1810064,14.647059,175.76471,29.294119
1810081,6.8125005,88.56251,15.328126
1810102,6.8125005,354.25003,15.668752
1810103,6.8125005,6.8125005,6.8125005
1810105,6.8125005,115.81251,9.083334
1810116,1.0,410.0,5.8199997
1811001,6.813187,13.626374,6.813187
1811010,14.636364,175.63637,25.613636
1811033,1.0,92.0,1.58
1811040,6.813187,34.065937,27.252748
1811041,6.813187,109.010994,8.175825
1812004,6.813187,6.813187,6.813187
1812009,6.813187,34.065937,13.626374
1812010,6.813187,13.626374,6.813187
1812012,1.0,56.0,2.6
1812028,6.813187,136.26375,17.714287
1812029,6.813187,95.38462,17.032967
1812033,6.813187,6.813187,6.813187
1812036,6.813187,13.626374,6.813187
1813002,14.636364,43.909092,14.636364
1813005,6.813187,13.626374,6.813187
1813006,6.813187,13.626374,6.813187
1813016,6.813187,20.439562,13.626374
1813029,6.813187,13.626374,6.813187
1813033,1.0,24.0,1.0
1813038,6.813187,34.065937,27.252748
1813044,6.813187,13.626374,6.813187
1814020,1.0,63.0,
1814028,6.813187,47.69231,13.626374
1814030,14.636364,87.818184,21.954546
1814038,6.813187,54.505497,13.626374
1815003,6.813187,47.69231,6.813187
1815006,6.813187,13.626374,6.813187
1815007,6.813187,27.252748,6.813187
1815008,6.813187,129.45056,11.355311
1815013,6.813187,13.626374,6.813187
1815021,6.813187,6.813187,6.813187
1815022,6.813187,13.626374,13.626374
1815044,6.813187,149.89012,40.87912
1815051,6.813187,68.131874,6.813187
1815055,6.813187,13.626374,6.813187
1815060,1.0,52.0,1.5
1815067,6.813187,47.69231,20.43956
1816013,1.0,72.0,2.8
1816022,6.95,55.6,20.849998
1816024,6.95,13.9,6.95
1817007,6.813187,20.439562,6.813187
1817008,6.813187,13.626374,6.813187
1817023,6.813187,68.131874,27.252748
1817031,6.813187,6.813187,6.813187
1817055,6.813187,34.065937,6.813187
1817062,6.813187,13.626374,6.813187
1817065,6.813187,20.439562,13.626374
1817072,6.813187,13.626374,6.813187
1817077,6.813187,6.813187,6.813187
1817082,14.636364,73.18182,14.636364
1817085,6.813187,,
1817090,1.0,125.0,2.04
1817093,14.636364,117.09091,14.636364
1818017,6.95,13.9,6.95
1818026,6.95,13.9,6.95
1818031,6.95,13.9,6.95
1818033,1.0,73.0,1.12
1819001,6.8125005,34.062504,6.8125005
1819005,6.8125005,27.250002,6.8125005
1819023,6.8125005,95.37501,13.625001
1819024,14.647059,219.70589,43.941177
1819032,6.8125005,68.12501,6.8125005
1819035,14.647059,322.23532,43.941177
1819041,6.8125005,115.81251,10.900001
1819045,14.647059,717.70593,24.411764
1819047,1.0,160.0,2.66
1819058,6.8125005,61.312504,10.21875
1820002,6.813187,6.813187,6.813187
1820006,6.813187,27.252748,6.813187
1820015,6.813187,34.065937,6.813187
1820016,6.813187,34.065937,10.21978
1820018,6.813187,54.505497,6.813187
1820021,6.813187,34.065937,20.43956
1820024,1.0,61.0,1.1
1820046,6.813187,6.813187,6.813187
1820055,6.813187,20.439562,6.813187
1820060,6.813187,20.439562,13.626374
1821011,6.95,41.699997,6.95
1821016,6.95,34.75,6.95
1821017,6.95,13.9,6.95
1821018,6.95,20.849998,6.95
1821029,6.95,13.9,6.95
1821033,6.95,83.399994,15.6375
1821046,1.0,44.0,1.0
1821053,15.142857,45.42857,15.142857
1821054,15.142857,90.85714,15.142857
1821056,6.95,20.849998,6.95
1821059,6.95,97.299995,13.9
1821065,6.95,41.699997,6.95
1821067,6.95,27.8,6.95
1821070,6.95,13.9,13.9
1821073,6.95,62.55,27.8
1821079,15.142857,151.42856,15.142857
1822003,6.813187,6.813187,6.813187
1822008,6.813187,6.813187,6.813187
1822009,6.813187,6.813187,6.813187
1822017,6.813187,6.813187,6.813187
1822021,6.813187,13.626374,6.813187
1822022,6.813187,6.813187,6.813187
1822028,6.813187,6.813187,6.813187
1822036,6.813187,6.813187,6.813187
1822038,6.813187,13.626374,6.813187
1822052,6.813187,6.813187,6.813187
1822061,1.0,85.0,1.42
1822063,1.0,63.0,1.0400001
1822072,6.813187,13.626374,6.813187
1823004,6.8125005,6.8125005,6.8125005
1823011,6.8125005,20.437502,13.625001
1823013,6.8125005,13.625001,6.8125005
1823016,6.8125005,6.8125005,6.8125005
1823033,6.8125005,27.250002,6.8125005
1823034,14.647059,2314.2354,23.435295
1823040,14.647059,87.882355,43.941177
1823041,6.8125005,40.875004,6.8125005
1823047,1.0,45.0,
1823048,1.0,237.0,3.7
1823051,6.8125005,224.81252,6.8125005
1823054,14.647059,424.7647,19.529413
2101001,1.9729731,1.9729731,1.9729731
2101004,1.0,1.0,5.75
2101005,1.9729731,1.9729731,2.6306307
2101006,1.9729731,1.9729731,2.6306307
2101011,1.9729731,1.9729731,
2102002,1.9797298,1.9797298,1.9797298
2102003,1.9797298,1.9797298,3.2995496
2102004,1.9797298,1.9797298,1.9797298
2102006,1.9797298,1.9797298,3.9594595
2102008,1.9797298,1.9797298,1.9797298
2102010,1.9797298,1.9797298,3.9594595
2102012,1.9797298,1.9797298,1.9797298
2102015,1.9797298,1.9797298,9.403716
2102019,1.9797298,1.9797298,1.9797298
2102925,,,
2103003,1.9797298,1.9797298,1.9797298
2103004,1.0,1.0,3.1428573
2103005,1.9797298,1.9797298,1.9797298
2103006,1.9797298,1.9797298,1.9797298
2103007,1.9797298,1.9797298,1.9797298
2103011,1.9797298,1.9797298,1.9797298
2103013,1.9797298,1.9797298,1.9797298
2103015,1.9797298,1.9797298,1.9797298
2103017,1.9797298,1.9797298,1.9797298
2104001,1.9797298,1.9797298,1.9797298
2104002,1.9797298,1.9797298,1.9797298
2104003,1.9797298,1.9797298,3.9594595
2104004,1.9797298,1.9797298,1.9797298
2104005,1.9797298,1.9797298,1.9797298
2104006,1.9797298,1.9797298,1.9797298
2104007,1.9797298,1.9797298,1.9797298
2104008,1.9797298,1.9797298,1.9797298
2104009,1.9797298,1.9797298,1.9797298
2104011,1.9797298,1.9797298,1.9797298
2104012,1.9797298,1.9797298,1.9797298
2104013,1.9797298,1.9797298,1.9797298
2104014,1.9797298,1.9797298,3.9594595
2105001,1.9797298,1.9797298,2.9695945
2105003,1.9797298,1.9797298,2.9695945
2105004,1.9797298,1.9797298,3.9594595
2105009,1.9797298,1.9797298,3.9594595
2105013,1.9797298,1.9797298,1.9797298
2105014,1.9797298,1.9797298,1.9797298
2105017,1.9797298,1.9797298,1.9797298
2105020,1.9797298,1.9797298,3.9594595
2105930,,,
2105936,,,
2105937,,,
2106001,1.9729731,1.9729731,2.7621622
2106005,1.9729731,1.9729731,1.9729731
2106007,1.9729731,1.9729731,1.9729731
2106017,1.9729731,1.9729731,3.7267268
2106020,1.9729731,1.9729731,2.9594595
2106021,1.0,1.0,1.9
2106026,1.9729731,1.9729731,4.603604
2106030,1.0,1.0,3.0
2106927,,,
2107001,1.0,1.0,3.3
2107002,1.9729731,1.9729731,1.9729731
2107007,1.9729731,1.9729731,1.9729731
2107011,1.9729731,1.9729731,1.9729731
2107013,1.9729731,1.9729731,1.9729731
2107014,1.9729731,1.9729731,1.9729731
2107015,1.9729731,1.9729731,3.9459462
2107017,1.9729731,1.9729731,1.9729731
2107019,1.9729731,1.9729731,1.9729731
2108002,1.9797298,1.9797298,5.939189
2108005,1.9797298,1.9797298,6.929054
2108009,1.9797298,1.9797298,3.1675677
2108012,1.9797298,1.9797298,2.9695945
2108013,1.9797298,1.9797298,2.6396396
2108015,1.9797298,1.9797298,3.9594595
2108016,1.9797298,1.9797298,5.939189
2108017,1.9797298,1.9797298,1.9797298
2108931,,,
2109001,1.9797298,1.9797298,1.9797298
2109003,1.9797298,1.9797298,1.9797298
2109004,1.9797298,1.9797298,1.9797298
2109008,1.9797298,1.9797298,5.939189
2109009,1.9797298,1.9797298,2.6396396
2109011,1.9797298,1.9797298,1.9797298
2109013,1.9797298,1.9797298,1.9797298
2109014,1.9797298,1.9797298,1.9797298
2109015,1.9797298,1.9797298,2.7716217
2109017,1.9797298,1.9797298,1.9797298
2109019,1.9797298,1.9797298,1.9797298
2109020,1.0,1.0,1.3333334
2110001,1.9797298,1.9797298,1.9797298
2110002,1.9797298,1.9797298,1.9797298
2110006,1.9797298,1.9797298,1.9797298
2110007,1.9797298,1.9797298,1.9797298
2110010,1.9797298,1.9797298,1.9797298
2110012,1.9797298,1.9797298,1.9797298
2110015,1.9797298,1.9797298,1.9797298
2110016,1.9797298,1.9797298,1.9797298
2110018,1.9797298,1.9797298,1.9797298
2111003,1.9797298,1.9797298,1.9797298
2111005,1.9797298,1.9797298,1.9797298
2111007,1.9797298,1.9797298,1.9797298
2111010,1.9797298,1.9797298,1.9797298
2112001,1.9797298,1.9797298,4.2894144
2112003,1.9797298,1.9797298,3.2995496
2112004,1.0,1.0,2.1111112
2112005,1.9797298,1.9797298,3.9594595
2112006,1.9797298,1.9797298,1.9797298
2112009,1.9797298,1.9797298,2.9695945
2112010,1.9797298,1.9797298,3.1675677
2112011,1.9797298,1.9797298,1.9797298
2112013,1.9797298,1.9797298,1.9797298
2113003,1.9797298,1.9797298,1.9797298
2113004,1.9797298,1.9797298,1.9797298
2113006,1.9797298,1.9797298,1.9797298
2113007,1.9797298,1.9797298,1.9797298
2113009,1.9797298,1.9797298,1.9797298
2113013,1.9797298,1.9797298,1.9797298
2113016,1.9797298,1.9797298,1.9797298
2113017,1.9797298,1.9797298,3.2995496
2113929,,,
2113935,,,
2114001,1.9797298,1.9797298,2.9695945
2114002,1.9797298,1.9797298,1.9797298
2114003,1.9797298,1.9797298,1.9797298
2114004,1.9797298,1.9797298,1.9797298
2114005,1.9797298,1.9797298,1.9797298
2114008,1.9797298,1.9797298,1.9797298
2114010,1.9797298,1.9797298,1.9797298
2114011,1.9797298,1.9797298,2.9695945
2114012,1.0,1.0,2.0
2114015,1.9797298,1.9797298,1.9797298
2114016,1.9797298,1.9797298,1.9797298
2115003,1.9797298,1.9797298,5.939189
2115004,1.9797298,1.9797298,3.9594595
2115005,1.9797298,1.9797298,1.9797298
2115006,1.9797298,1.9797298,3.9594595
2115007,1.9797298,1.9797298,2.9695945
2115008,1.9797298,1.9797298,1.9797298
2115009,1.9797298,1.9797298,1.9797298
2115011,1.9797298,1.9797298,2.6396396
2115014,1.9797298,1.9797298,1.9797298
2115015,1.9797298,1.9797298,3.9594595
2115016,1.9797298,1.9797298,1.9797298
2115018,1.9797298,1.9797298,3.9594595
2115019,1.9797298,1.9797298,1.9797298
2115020,1.0,1.0,1.3333334
2115023,1.9797298,1.9797298,3.9594595
2115932,,,
2115933,,,
2116002,1.0,1.0,1.0
2116004,1.9797298,1.9797298,11.218469
2116005,1.9797298,1.9797298,1.9797298
2116009,1.9797298,1.9797298,1.9797298
2116014,1.9797298,1.9797298,1.9797298
2116016,1.9797298,1.9797298,1.9797298
2116017,1.9797298,1.9797298,1.9797298
2116018,1.9797298,1.9797298,1.9797298
2116019,1.0,1.0,1.0
2117001,1.9797298,1.9797298,3.9594595
2117003,1.9797298,1.9797298,3.9594595
2117004,1.9797298,1.9797298,1.9797298
2117008,1.0,1.0,1.5
2117009,1.9797298,1.9797298,1.9797298
2117011,1.9797298,1.9797298,1.9797298
2117013,1.9797298,1.9797298,1.9797298
2117014,1.9797298,1.9797298,3.9594595
2117015,1.9797298,1.9797298,1.9797298
2117018,1.9797298,1.9797298,1.9797298
2117928,,,
2118001,1.9797298,1.9797298,1.9797298
2118002,1.9797298,1.9797298,1.9797298
2118003,1.9797298,1.9797298,1.9797298
2118005,1.9797298,1.9797298,3.2995496
2118007,1.9797298,1.9797298,1.9797298
2118009,1.9797298,1.9797298,1.9797298
2118013,1.9797298,1.9797298,3.9594595
2118017,1.9797298,1.9797298,1.9797298
2118019,1.9797298,1.9797298,5.939189
2119003,1.9797298,1.9797298,1.9797298
2119004,1.9797298,1.9797298,1.9797298
2119008,1.9797298,1.9797298,1.9797298
2119009,1.9797298,1.9797298,2.6396396
2119010,1.9797298,1.9797298,1.9797298
2119011,1.9797298,1.9797298,1.9797298
2119012,1.9797298,1.9797298,1.9797298
2119014,1.9797298,1.9797298,3.9594595
2119015,1.9797298,1.9797298,1.9797298
2119018,1.9797298,1.9797298,1.9797298
2119021,1.9797298,1.9797298,1.9797298
2120001,1.9729731,1.9729731,2.9594595
2120002,1.9729731,1.9729731,1.9729731
2120003,1.9729731,1.9729731,1.9729731
2120004,1.9729731,1.9729731,1.9729731
2120006,1.9729731,1.9729731,3.9459462
2120007,1.9729731,1.9729731,1.9729731
2120008,1.9729731,1.9729731,1.9729731
2120010,1.0,1.0,1.0
2121004,1.9729731,1.9729731,1.9729731
2121006,1.9729731,1.9729731,1.9729731
2121007,1.9729731,1.9729731,1.9729731
2121008,1.9729731,1.9729731,1.9729731
2121011,1.9729731,1.9729731,1.9729731
2121012,1.0,1.0,2.7777777
2121016,1.9729731,1.9729731,1.9729731
2121018,1.0,1.0,1.0
2121019,1.9729731,1.9729731,1.9729731
2121020,1.9729731,1.9729731,1.9729731
2121021,1.9729731,1.9729731,1.9729731
2121023,1.9729731,1.9729731,1.9729731
2122221,,,
2122222,,,
2201002,1.0,12.0,4.0
2201009,6.547619,78.57143,6.547619
2201016,6.547619,19.642857,13.095238
2202001,6.580645,32.903225,19.741934
2202004,1.0,28.0,5.5
2202009,1.0,77.0,3.0
2202015,6.580645,6.580645,6.580645
2202017,6.580645,19.741936,6.580645
2202024,10.0,70.0,25.0
2202032,6.580645,46.064514,6.580645
2202037,6.580645,19.741936,6.580645
2203001,6.547619,65.47619,6.547619
2203009,6.547619,45.833332,26.190475
2203012,1.0,176.0,2.74
2203017,6.547619,320.8333,6.547619
2203019,15.5,589.0,15.984375
2203024,6.547619,32.738094,13.095238
2203027,1.0,2.0,1.0
2203029,6.547619,26.190475,6.547619
2203031,6.547619,26.190475,6.547619
2203035,1.0,5.0,1.0
2203042,6.547619,6.547619,6.547619
2203052,6.547619,52.38095,32.738094
2203056,6.547619,13.095238,6.547619
2203062,6.547619,26.190475,6.547619
2203063,6.547619,85.11905,9.821428
2203064,6.547619,45.833332,13.095238
2203073,6.547619,6.547619,6.547619
2204002,6.547619,26.190475,6.547619
2204009,6.547619,13.095238,13.095238
2204014,1.0,52.0,1.0
2204017,6.547619,58.92857,32.738094
2204018,6.547619,39.285713,26.190475
2204022,6.547619,157.14285,13.095238
2204026,15.5,108.5,23.25
2204048,6.547619,6.547619,6.547619
2204054,6.547619,6.547619,6.547619
2204055,6.547619,6.547619,6.547619
2204074,6.547619,6.547619,6.547619
2204075,6.547619,6.547619,6.547619
2204083,17.5,17.5,17.5
2204084,6.547619,6.547619,6.547619
2204091,6.547619,6.547619,6.547619
2204105,6.547619,32.738094,6.547619
2204106,6.547619,6.547619,6.547619
2205001,1.0,15.0,2.0
2205016,1.0,18.0,4.0
2205020,15.5,1348.5,16.43
2205024,6.547619,32.738094,6.547619
2205038,1.0,46.0,2.4
2205041,1.0,18.0,4.0
2205048,1.0,52.0,6.0
2205051,6.547619,6.547619,6.547619
2205057,6.547619,13.095238,6.547619
2205065,6.547619,13.095238,6.547619
2205072,6.547619,6.547619,6.547619
2205084,6.547619,6.547619,6.547619
2205086,6.547619,26.190475,6.547619
2205093,6.547619,13.095238,6.547619
2205101,6.547619,19.642857,6.547619
2205114,6.547619,26.190475,6.547619
2205116,6.547619,6.547619,6.547619
2205117,6.547619,6.547619,6.547619
2206011,6.547619,32.738094,13.095238
2206014,6.547619,19.642857,13.095238
2206016,6.547619,13.095238,13.095238
2206022,6.547619,39.285713,13.095238
2206026,6.547619,19.642857,13.095238
2206036,1.0,13.0,6.0
2206043,6.547619,39.285713,32.738094
2206047,6.547619,26.190475,13.095238
2206049,6.547619,19.642857,19.642857
2206055,6.547619,19.642857,13.095238
2206060,6.547619,6.547619,6.547619
2206062,1.0,11.0,5.0
2206065,1.0,14.0,3.0
2206072,6.547619,13.095238,13.095238
2206081,17.5,17.5,17.5
2207007,1.0,201.0,3.04
2207032,6.580645,19.741936,6.580645
2207036,6.580645,26.32258,6.580645
2207039,6.580645,26.32258,13.16129
2207041,6.580645,26.32258,
2208003,6.547619,26.190475,9.821428
2208008,6.547619,19.642857,6.547619
2208010,6.547619,13.095238,6.547619
2208028,6.547619,13.095238,6.547619
2208037,6.547619,6.547619,6.547619
2208038,1.0,15.0,2.5
2208049,6.547619,32.738094,6.547619
2208051,6.547619,6.547619,6.547619
2209003,6.272727,12.545454,6.272727
2209006,1.0,7.0,3.0
2209015,1.0,36.0,2.1666667
2209021,6.272727,62.727272,8.363636
2209027,1.0,29.0,1.0
2209029,1.0,25.0,2.3333333
2209030,1.0,9.0,1.5
2209033,6.272727,18.81818,6.272727
2209034,6.272727,25.090908,6.272727
2209037,6.272727,25.090908,6.272727
2210004,1.0,175.0,2.9799998
2210007,6.580645,13.16129,6.580645
2210008,6.580645,26.32258,
2210013,6.580645,19.741936,6.580645
2210015,6.580645,19.741936,6.580645
2210023,1.0,6.0,2.0
2210025,6.580645,19.741936,19.741934
2210031,6.580645,26.32258,6.580645
2210032,6.580645,72.38709,16.451612
2211003,6.547619,19.642857,13.095238
2211032,6.547619,19.642857,6.547619
2211035,6.547619,19.642857,6.547619
2211040,6.547619,19.642857,6.547619
2211042,6.547619,39.285713,6.547619
2211044,6.547619,19.642857,13.095238
2211050,1.0,85.0,8.0
2211054,6.547619,19.642857,13.095238
2211056,6.547619,13.095238,6.547619
2212004,1.0,5.0,2.0
2212005,6.580645,19.741936,6.580645
2212007,6.580645,6.580645,6.580645
2212012,6.580645,6.580645,6.580645
2212016,1.0,3.0,1.0
2212025,1.0,,1.5
2212026,1.0,13.0,1.5
2212029,1.0,19.0,1.2857143
2212040,1.0,80.0,1.0
2212043,15.5,77.5,31.0
2212044,15.5,325.5,15.5
2212048,1.0,15.0,2.0
2212050,1.0,9.0,1.0
2212052,1.0,15.0,1.25
2212055,1.0,62.0,4.0
2212058,15.5,62.0,15.5
2212059,15.5,139.5,15.5
2213003,6.272727,25.090908,12.545454
2213004,6.272727,18.81818,6.272727
2213008,6.272727,25.090908,25.090908
2213013,6.272727,12.545454,6.272727
2213017,1.0,45.0,2.0
2213018,6.272727,12.545454,6.272727
2213022,6.272727,37.63636,6.272727
2213029,14.5,58.0,43.5
2214003,6.547619,32.738094,9.821428
2214017,1.0,20.0,7.4999995
2214022,6.547619,65.47619,7.482993
2214029,6.547619,13.095238,6.547619
2214033,6.547619,13.095238,6.547619
2214034,1.0,3.0,2.0
2214038,6.547619,6.547619,6.547619
2214041,6.547619,13.095238,6.547619
2214056,6.547619,26.190475,6.547619
2215001,1.0,40.0,3.0
2215002,6.547619,26.190475,6.547619
2215004,6.547619,268.45236,8.730159
2215007,6.547619,235.71428,9.166666
2216003,6.272727,25.090908,6.272727
2216004,6.272727,18.81818,6.272727
2216008,1.0,111.0,1.66
2216017,6.272727,94.090904,6.272727
2216027,14.5,261.0,43.5
2217003,1.0,112.0,1.74
2217006,6.580645,65.80645,9.870967
2217019,6.580645,111.870964,9.870967
2217022,1.0,11.0,1.5
2217025,6.580645,59.225807,13.16129
2217026,6.580645,19.741936,6.580645
2217027,6.580645,52.64516,
2217028,6.580645,19.741936,19.741934
2217030,1.0,16.0,1.0
2217034,6.580645,13.16129,6.580645
2217039,1.0,249.0,4.06
2218003,1.0,33.0,2.0
2218017,6.547619,39.285713,6.547619
2218018,6.547619,13.095238,6.547619
2218024,6.547619,32.738094,13.095238
2218027,6.547619,32.738094,6.547619
2218031,6.547619,32.738094,6.547619
2218034,6.547619,26.190475,13.095238
2219003,1.0,8.0,1.0
2219004,1.0,36.0,2.0
2219020,15.5,46.5,46.5
2219023,6.580645,39.48387,6.580645
2219035,6.580645,19.741936,6.580645
2219036,6.580645,39.48387,6.580645
2219048,6.580645,26.32258,6.580645
2220008,6.580645,46.064514,6.580645
2220012,6.580645,46.064514,6.580645
2220013,6.580645,26.32258,6.580645
2220023,1.0,47.0,1.0
2221006,6.547619,163.69048,52.38095
2221014,6.547619,19.642857,6.547619
2221017,15.5,1519.0,18.6
2222210,,,
2222211,,,
2222212,,,
2222221,,,
2222222,,,
2222223,,,
2222224,,,
2222225,,,
2222226,,,
2222227,,,
2222228,,,
2222229,,,
2601001,1.0,1.0,1.0
2601002,6.6183205,6.6183205,6.6183205
2601008,6.6183205,6.6183205,6.6183205
2601010,6.6183205,6.6183205,6.6183205
2601016,6.6183205,6.6183205,6.6183205
2601028,6.6183205,6.6183205,6.6183205
2601034,6.6183205,6.6183205,6.6183205
2601044,6.6183205,6.6183205,6.6183205
2601046,6.6183205,6.6183205,6.6183205
2601059,6.6183205,6.6183205,6.6183205
2601060,6.6183205,6.6183205,6.6183205
2601062,6.6183205,6.6183205,6.6183205
2602004,6.6183205,6.6183205,6.6183205
2602006,6.6183205,6.6183205,6.6183205
2602011,6.6183205,6.6183205,6.6183205
2602012,6.6183205,6.6183205,6.6183205
2603007,7.142857,7.142857,7.142857
2603012,7.142857,7.142857,14.285714
2603013,7.142857,7.142857,14.285714
2603026,1.0,1.0,1.7499999
2603027,7.142857,7.142857,28.571428
2603028,7.142857,7.142857,14.285714
2603032,7.142857,7.142857,10.714285
2604001,1.0,1.0,2.0
2604023,6.6041665,6.6041665,6.6041665
2604024,6.6041665,6.6041665,6.6041665
2604028,6.6041665,6.6041665,6.6041665
2604034,6.6041665,6.6041665,6.6041665
2604037,6.6041665,6.6041665,6.6041665
2604042,6.6041665,6.6041665,6.6041665
2604044,6.6041665,6.6041665,6.6041665
2604048,6.6041665,6.6041665,
2604050,6.6041665,6.6041665,6.6041665
2604051,6.6041665,6.6041665,6.6041665
2604056,6.6041665,6.6041665,6.6041665
2605011,6.6041665,6.6041665,6.6041665
2605027,6.6041665,6.6041665,6.6041665
2605032,6.6041665,6.6041665,8.805555
2605037,6.6041665,6.6041665,13.208333
2605038,6.6041665,6.6041665,8.805555
2605039,6.6041665,6.6041665,6.6041665
2605050,6.6041665,6.6041665,6.6041665
2605067,6.6041665,6.6041665,6.6041665
2605068,6.6041665,6.6041665,13.208333
2606013,1.0,1.0,1.4
2606056,7.142857,7.142857,8.730159
2607016,6.6183205,6.6183205,6.6183205
2607030,6.6183205,6.6183205,6.6183205
2607032,6.6183205,6.6183205,6.6183205
2607913,,,
2607914,,,
2608005,6.6183205,6.6183205,8.824428
2608021,6.6183205,6.6183205,26.473282
2608024,6.6183205,6.6183205,6.6183205
2608031,6.6183205,6.6183205,6.6183205
2608032,6.6183205,6.6183205,13.236641
2608044,6.6183205,6.6183205,13.236641
2608045,6.6183205,6.6183205,6.6183205
2608046,6.6183205,6.6183205,13.236641
2609007,6.6183205,6.6183205,6.6183205
2609009,6.6183205,6.6183205,6.6183205
2609019,1.0,1.0,
2609032,6.6183205,6.6183205,6.6183205
2609047,6.6183205,6.6183205,6.6183205
2609048,6.6183205,6.6183205,6.6183205
2609055,6.6183205,6.6183205,6.6183205
2609057,6.6183205,6.6183205,6.6183205
2609917,,,
2610002,6.6183205,6.6183205,9.927481
2610010,6.6183205,6.6183205,6.6183205
2610013,6.6183205,6.6183205,6.6183205
2610019,6.6183205,6.6183205,6.6183205
2610020,6.6183205,6.6183205,6.6183205
2610021,6.6183205,6.6183205,13.236641
2610026,6.6183205,6.6183205,6.6183205
2610033,6.6183205,6.6183205,6.6183205
2610036,6.6183205,6.6183205,6.6183205
2610060,6.6183205,6.6183205,15.883969
2610061,6.6183205,6.6183205,6.6183205
2610062,6.6183205,6.6183205,6.6183205
2610063,6.6183205,6.6183205,6.6183205
2611001,1.0,1.0,4.8
2611004,6.6041665,6.6041665,11.006944
2611020,6.6041665,6.6041665,6.6041665
2611022,6.6041665,6.6041665,6.6041665
2611024,6.6041665,6.6041665,13.208333
2611035,6.6041665,6.6041665,13.208333
2612003,1.0,1.0,1.0
2612009,6.6183205,6.6183205,6.6183205
2612019,6.6183205,6.6183205,6.6183205
2612036,6.6183205,6.6183205,6.6183205
2612048,6.6183205,6.6183205,6.6183205
2612067,6.6183205,6.6183205,6.6183205
2612070,6.6183205,6.6183205,6.6183205
2613005,6.6183205,6.6183205,6.6183205
2613008,6.6183205,6.6183205,6.6183205
2613009,6.6183205,6.6183205,6.6183205
2613021,6.6183205,6.6183205,6.6183205
2613028,6.6183205,6.6183205,6.6183205
2613033,6.6183205,6.6183205,6.6183205
2613044,1.0,1.0,1.0
2613058,6.6183205,6.6183205,6.6183205
2613069,6.6183205,6.6183205,6.6183205
2613073,6.6183205,6.6183205,6.6183205
2613084,6.6183205,6.6183205,6.6183205
2613915,,,
2614012,6.6183205,6.6183205,13.236641
2614022,6.6183205,6.6183205,6.6183205
2614024,6.6183205,6.6183205,13.236641
2614026,6.6183205,6.6183205,6.6183205
2614046,6.6183205,6.6183205,6.6183205
2614050,6.6183205,6.6183205,6.6183205
2614060,6.6183205,6.6183205,8.272901
2615001,1.0,1.0,1.0
2615006,6.6183205,6.6183205,6.6183205
2615010,6.6183205,6.6183205,13.236641
2615011,6.6183205,6.6183205,14.891221
2615016,6.6183205,6.6183205,13.236641
2615023,6.6183205,6.6183205,19.854961
2615026,6.6183205,6.6183205,6.6183205
2615037,6.6183205,6.6183205,6.6183205
2615040,6.6183205,6.6183205,6.6183205
2615045,6.6183205,6.6183205,6.6183205
2615047,6.6183205,6.6183205,6.6183205
2615050,6.6183205,6.6183205,6.6183205
2615053,6.6183205,6.6183205,6.6183205
2615054,6.6183205,6.6183205,6.6183205
2615057,6.6183205,6.6183205,9.927481
2616014,6.6183205,6.6183205,16.545801
2616017,6.6183205,6.6183205,13.236641
2616036,6.6183205,6.6183205,6.6183205
2616043,6.6183205,6.6183205,6.6183205
2616047,6.6183205,6.6183205,6.6183205
2616048,6.6183205,6.6183205,6.6183205
2616054,6.6183205,6.6183205,16.545801
2616058,6.6183205,6.6183205,6.6183205
2616063,6.6183205,6.6183205,6.6183205
2617013,6.6183205,6.6183205,6.6183205
2617014,6.6183205,6.6183205,6.6183205
2617017,6.6183205,6.6183205,6.6183205
2617018,6.6183205,6.6183205,6.6183205
2617041,6.6183205,6.6183205,6.6183205
2617049,6.6183205,6.6183205,6.6183205
2617060,1.0,1.0,1.0
2617916,,,
2618004,6.6183205,6.6183205,
2618005,6.6183205,6.6183205,26.473282
2618006,6.6183205,6.6183205,6.6183205
2618013,6.6183205,6.6183205,6.6183205
2618019,6.6183205,6.6183205,13.236641
2618027,6.6183205,6.6183205,6.6183205
2618032,6.6183205,6.6183205,6.6183205
2618036,6.6183205,6.6183205,7.9419847
2618046,6.6183205,6.6183205,6.6183205
2618048,6.6183205,6.6183205,24.8187
2618055,6.6183205,6.6183205,6.6183205
2619001,6.6183205,6.6183205,13.236641
2619015,6.6183205,6.6183205,13.236641
2619021,6.6183205,6.6183205,6.6183205
2619025,6.6183205,6.6183205,6.6183205
2619034,6.6183205,6.6183205,6.6183205
2619041,6.6183205,6.6183205,6.6183205
2619045,6.6183205,6.6183205,9.927481
2619057,6.6183205,6.6183205,6.6183205
2619065,6.6183205,6.6183205,6.6183205
2619070,6.6183205,6.6183205,6.6183205
2620001,1.0,1.0,2.0
2620004,6.6183205,6.6183205,7.5637946
2620025,6.6183205,6.6183205,6.6183205
2620029,6.6183205,6.6183205,6.6183205
2620031,6.6183205,6.6183205,13.236641
2620034,6.6183205,6.6183205,6.6183205
2620055,6.6183205,6.6183205,9.927481
2620059,6.6183205,6.6183205,9.10019
2620064,6.6183205,6.6183205,6.6183205
2620065,6.6183205,6.6183205,6.6183205
2621001,1.0,1.0,2.0
2621034,6.6041665,6.6041665,6.6041665
2621047,6.6041665,6.6041665,9.906249
2621053,6.6041665,6.6041665,6.6041665
2621921,,,
2621922,,,
2621923,,,
2621924,,,
2622012,6.6041665,6.6041665,6.6041665
2622013,6.6041665,6.6041665,13.208333
2622030,6.6041665,6.6041665,6.6041665
2622031,6.6041665,6.6041665,9.906249
2622041,6.6041665,6.6041665,9.906249
2622048,6.6041665,6.6041665,6.6041665
2622049,6.6041665,6.6041665,6.6041665
2622056,6.6041665,6.6041665,6.6041665
2622058,6.6041665,6.6041665,26.416666
2622064,6.6041665,6.6041665,6.6041665
2622100,1.0,1.0,3.0
2622110,6.6041665,6.6041665,6.6041665
2622114,6.6041665,6.6041665,6.6041665
2622126,6.6041665,6.6041665,6.6041665
2623003,6.6041665,6.6041665,6.6041665
2623004,6.6041665,6.6041665,6.6041665
2623006,6.6041665,6.6041665,6.6041665
2623012,6.6041665,6.6041665,8.255208
2623013,6.6041665,6.6041665,6.6041665
2623018,6.6041665,6.6041665,6.6041665
2623019,1.0,1.0,2.8888888
2623919,,,
2624918,,,
2624920,,,
2901001,5.25,5.25,5.25
2901003,5.25,10.5,5.25
2901014,1.0,14.0,1.7499999
2901017,5.25,15.75,5.25
2901025,1.0,23.0,2.0
2901027,5.25,47.25,21.0
2901031,5.25,15.75,5.25
2901032,5.25,10.5,5.25
2902004,5.361702,75.06383,23.234041
2902010,5.361702,10.723404,10.723404
2902015,5.361702,16.085106,5.361702
2902018,5.361702,37.531914,5.361702
2902022,5.361702,21.446808,10.723404
2902026,5.361702,10.723404,5.361702
2902038,1.0,13.0,1.25
2902042,1.0,15.0,1.6666666
2903005,5.40625,10.8125,5.40625
2903013,5.40625,10.8125,5.40625
2903022,1.0,8.0,1.0
2903024,5.40625,10.8125,5.40625
2903027,5.40625,75.6875,14.8671875
2903028,5.40625,43.25,10.8125
2903038,5.40625,10.8125,5.40625
2903039,5.40625,10.8125,5.40625
2903040,5.40625,10.8125,5.40625
2903043,1.0,11.0,1.3333334
2903044,5.40625,5.40625,5.40625
2903050,5.40625,10.8125,5.40625
2903055,1.0,13.0,1.0
2903056,5.40625,27.03125,5.40625
2903060,1.0,12.0,1.0
2903075,5.40625,43.25,12.614583
2903077,5.40625,37.84375,12.614583
2904004,5.361702,64.34042,12.063829
2904007,1.0,13.0,2.0
2904009,1.0,11.0,1.0
2904015,5.361702,21.446808,10.723404
2904016,1.0,14.0,1.5
2904018,5.361702,80.42553,8.93617
2905002,5.25,21.0,10.5
2905007,1.0,24.0,3.0
2905010,5.25,15.75,10.5
2905012,5.25,15.75,5.25
2905014,5.25,15.75,10.5
2905015,5.25,31.5,21.0
2905026,14.75,29.5,14.75
2905028,5.25,52.5,21.0
2905034,1.0,25.0,1.5
2906001,5.25,21.0,5.25
2906006,14.75,162.25,44.25
2906014,1.0,4.0,1.0
2906017,1.0,14.0,1.3333334
2906018,5.25,57.75,8.75
2906022,5.25,15.75,5.25
2907010,5.25,15.75,5.25
2907025,1.0,6.0,1.0
2908001,5.40625,48.65625,10.8125
2908007,5.40625,27.03125,5.40625
2908008,1.0,21.0,3.6666665
2908010,5.40625,10.8125,10.8125
2908014,5.40625,10.8125,5.40625
2908020,8.0,56.0,8.0
2908025,5.40625,10.8125,5.40625
2909007,5.361702,32.17021,21.446808
2909008,1.0,41.0,1.3333334
2909011,5.361702,16.085106,8.042553
2909017,5.361702,5.361702,5.361702
2909019,5.361702,10.723404,5.361702
2909037,5.361702,32.17021,5.361702
2909038,5.361702,21.446808,5.361702
2910011,1.0,23.0,2.0
2910018,1.0,42.0,1.6666666
2910032,14.75,88.5,44.25
2911010,5.25,99.75,7.875
2911016,14.75,118.0,22.125
2911020,14.75,132.75,29.5
2911026,5.25,47.25,14.0
2911032,14.75,206.5,29.5
2911033,14.75,44.25,14.75
2911034,5.25,15.75,5.25
2911038,5.25,47.25,10.5
2911040,1.0,60.0,1.0600001
2911043,5.25,10.5,5.25
2911044,5.25,10.5,10.5
2912002,5.361702,91.14893,32.17021
2912003,1.0,18.0,2.3333333
2912018,1.0,20.0,5.0
2912019,1.0,21.0,2.0
2912027,5.361702,10.723404,5.361702
2913002,1.0,12.0,1.0
2913010,5.40625,32.4375,10.8125
2913011,5.40625,37.84375,7.56875
2913015,5.40625,5.40625,5.40625
2913022,5.40625,21.625,10.8125
2913026,5.40625,5.40625,5.40625
2913027,5.40625,16.21875,16.21875
2913030,5.40625,5.40625,5.40625
2913047,1.0,5.0,2.0
2913049,8.0,,24.0
2913052,5.40625,91.90625,54.0625
2913059,5.40625,,5.40625
2914006,5.361702,10.723404,5.361702
2914007,1.0,7.0,2.0
2914009,5.361702,16.085106,5.361702
2914012,5.361702,26.80851,5.361702
2914013,5.361702,16.085106,5.361702
2914016,1.0,11.0,2.0
2914023,5.361702,139.40425,8.042553
2915002,1.0,70.0,1.2
2915012,5.361702,58.97872,10.723404
2915019,14.428571,230.85713,14.428571
2915040,5.361702,21.446808,5.361702
2915050,5.361702,32.17021,5.361702
2916002,1.0,59.0,1.125
2916004,5.25,10.5,5.25
2916018,5.25,10.5,5.25
2916028,5.25,10.5,5.25
2916041,5.25,5.25,5.25
2917014,5.25,21.0,7.0
2917021,14.75,162.25,14.75
2917032,5.25,21.0,10.5
2917038,5.25,42.0,21.0
2918004,5.25,31.5,
2918019,1.0,89.0,1.36
2918027,14.75,206.5,59.0
2918029,5.25,63.0,10.5
2919007,5.25,10.5,5.25
2919011,1.0,42.0,1.6
2919014,5.25,15.75,5.25
2920001,5.361702,53.61702,26.80851
2920002,1.0,7.0,3.0
2920018,5.361702,10.723404,10.723404
2920019,5.361702,37.531914,16.085106
2920023,14.428571,86.57143,14.428571
2920024,1.0,66.0,1.02
2920039,14.428571,259.71426,14.428571
2920040,14.428571,43.285713,14.428571
2921001,14.428571,129.85713,28.857141
2921002,5.361702,10.723404,5.361702
2921006,5.361702,16.085106,5.361702
2921008,5.361702,16.085106,5.361702
2921010,5.361702,16.085106,5.361702
2921022,1.0,18.0,1.0
2921027,14.428571,57.714283,14.428571
2921029,5.361702,10.723404,5.361702
2922001,5.25,78.75,6.5625
2922003,5.25,21.0,7.0
2922023,1.0,105.0,1.72
2922027,5.25,15.75,5.25
2922036,5.25,15.75,5.25
2922220,,,
2922221,,,
2922222,,,
2922223,,,
2922224,,,
2922225,,,
2922226,,,
2922227,,,
2922228,,,
2922229,,,
2922230,,,
2923001,5.361702,16.085106,8.042553
2923011,5.361702,21.446808,5.361702
2923013,1.0,16.0,1.0
2923027,5.361702,32.17021,5.361702
2923029,5.361702,21.446808,5.361702
2923032,14.428571,28.857141,14.428571
2923033,5.361702,26.80851,5.361702
2923040,5.361702,26.80851,10.723404
2923043,5.361702,5.361702,5.361702
2924004,5.361702,26.80851,5.361702
2924008,1.0,15.0,1.5
2924010,5.361702,37.531914,10.723404
2924011,5.361702,16.085106,8.042553
2924017,5.361702,21.446808,5.361702
2924018,5.361702,21.446808,8.042553
2924023,5.361702,21.446808,10.723404
2924028,5.361702,16.085106,10.723404
2924031,5.361702,10.723404,5.361702
2925008,5.40625,16.21875,5.40625
2925009,1.0,14.0,2.0
2925015,5.40625,32.4375,5.40625
2925023,5.40625,21.625,5.40625
2926001,14.75,191.75,59.0
2926006,14.75,236.0,132.75
2926008,14.75,398.25,29.5
2926013,1.0,11.0,2.0
2926019,14.75,29.5,14.75
2926028,5.25,21.0,7.875
2926038,1.0,12.0,
2927008,1.0,14.0,1.2
2927009,1.0,14.0,2.0
2927010,5.25,15.75,10.5
2927011,14.75,44.25,14.75
2927020,1.0,25.0,3.0
2927026,5.25,52.5,10.5
2927027,5.25,21.0,7.875
2927028,5.25,10.5,5.25
2927038,5.25,15.75,10.5
2927041,5.25,5.25,5.25
2927050,5.25,57.75,13.125
2927052,1.0,21.0,2.0
2928002,1.0,26.0,1.0
2928019,5.361702,10.723404,5.361702
2929001,5.25,10.5,5.25
2929007,5.25,26.25,7.0
2929008,5.25,84.0,26.25
2929009,5.25,136.5,13.125
2929013,14.75,147.5,14.75
2929020,1.0,360.0,6.2799997
2929026,5.0,50.0,8.333333
2929027,1.0,18.0,3.6666665
2929036,14.75,103.25,14.75
2929037,1.0,28.0,1.0
3401006,5.3278685,58.606552,7.1038246
3401009,5.3278685,26.639343,10.655737
3401010,1.0,52.0,1.0
3401025,14.833334,163.16667,14.833334
3401034,5.3278685,90.57376,11.987704
3401041,5.3278685,15.983605,5.3278685
3401042,5.3278685,53.278687,7.9918027
3402003,1.0,55.0,1.0
3402004,5.3278685,42.622948,15.983605
3402007,5.3278685,5.3278685,5.3278685
3402017,5.3278685,10.655737,5.3278685
3402022,5.3278685,15.983605,5.3278685
3402028,5.3278685,15.983605,5.3278685
3402032,5.3278685,21.311474,10.655737
3402037,5.3278685,21.311474,5.3278685
3402043,14.833334,59.333336,29.666668
3402047,5.3278685,21.311474,5.3278685
3403003,5.3278685,26.639343,5.3278685
3403007,5.3278685,31.96721,5.3278685
3403012,1.0,37.0,2.0
3403017,5.3278685,58.606552,10.655737
3403028,5.3278685,5.3278685,5.3278685
3403029,14.833334,103.833336,14.833334
3403033,5.3278685,26.639343,5.3278685
3403051,5.3278685,15.983605,5.3278685
3404001,5.3278685,31.96721,5.3278685
3404004,5.3278685,10.655737,5.3278685
3404012,14.833334,237.33334,29.666668
3404014,5.3278685,42.622948,5.3278685
3404019,5.3278685,10.655737,10.655737
3404020,1.0,44.0,1.1578947
3404021,5.3278685,15.983605,5.3278685
3404028,5.3278685,5.3278685,5.3278685
3404031,5.3278685,10.655737,5.3278685
3404032,5.3278685,63.93442,5.3278685
3404040,5.3278685,15.983605,5.3278685
3405016,1.0,70.0,1.5
3405036,5.3278685,95.901634,5.3278685
3405061,5.3278685,10.655737,5.3278685
3405062,5.3278685,175.81966,5.3278685
3405094,5.3278685,42.622948,5.3278685
3406001,5.3278685,207.78687,7.1038246
3406014,5.3278685,111.88524,79.91802
3406018,5.3278685,37.29508,15.983605
3406021,1.0,27.0,3.0
3406023,5.3278685,15.983605,10.655737
3406024,5.3278685,138.52458,22.64344
3406026,5.3278685,74.59016,5.3278685
3407004,5.166667,25.833336,5.166667
3407006,5.166667,15.500001,5.166667
3407012,5.5,104.5,9.625
3407013,5.166667,25.833336,5.166667
3407016,5.166667,31.000002,6.8888893
3407017,5.166667,72.333336,8.266667
3407020,5.166667,10.333334,5.166667
3407021,5.166667,56.833336,5.166667
3407023,5.166667,67.16667,9.041667
3407034,5.166667,56.833336,6.200001
3407035,5.166667,72.333336,5.166667
3407042,5.5,137.5,9.166666
3407044,5.166667,10.333334,5.166667
3407045,5.166667,25.833336,5.166667
3408005,5.4358974,5.4358974,5.4358974
3408006,5.4358974,21.74359,5.4358974
3408010,5.4358974,21.74359,5.4358974
3408015,5.4358974,21.74359,5.4358974
3408017,5.4358974,5.4358974,5.4358974
3408018,5.4358974,5.4358974,5.4358974
3408025,5.4358974,135.89743,5.4358974
3408033,5.4358974,10.871795,5.4358974
3408042,5.4358974,65.23077,5.4358974
3408048,5.4358974,5.4358974,5.4358974
3408050,5.4358974,5.4358974,5.4358974
3408052,5.4358974,43.48718,5.4358974
3408054,5.4358974,32.615383,5.4358974
3408063,5.4358974,5.4358974,5.4358974
3408065,5.4358974,5.4358974,5.4358974
3408073,5.4358974,5.4358974,5.4358974
3408077,5.4358974,5.4358974,5.4358974
3408079,5.4358974,5.4358974,5.4358974
3408084,5.4358974,21.74359,5.4358974
3408086,5.4358974,10.871795,5.4358974
3408095,5.4358974,5.4358974,5.4358974
3408096,5.4358974,16.307692,5.4358974
3408102,5.4358974,5.4358974,5.4358974
3408109,5.4358974,16.307692,5.4358974
3409005,5.3278685,47.950817,5.3278685
3409014,5.3278685,31.96721,5.3278685
3409017,5.3278685,42.622948,5.3278685
3409018,1.0,25.0,1.0
3409026,5.3278685,10.655737,5.3278685
3409029,5.3278685,31.96721,26.639341
3409033,5.3278685,5.3278685,5.3278685
3409039,5.3278685,5.3278685,5.3278685
3409041,14.833334,118.66667,14.833334
3409042,5.3278685,37.29508,5.3278685
3409044,5.3278685,10.655737,5.3278685
3410000,,,
3410005,5.4358974,32.615383,5.4358974
3410013,5.4358974,10.871795,5.4358974
3410017,5.4358974,48.923077,5.4358974
3410035,5.4358974,16.307692,5.4358974
3410036,5.4358974,103.28205,5.4358974
3410041,1.0,25.0,1.0
3410042,5.4358974,32.615383,5.4358974
3410048,5.4358974,81.53846,5.4358974
3410056,5.4358974,27.179487,5.4358974
3411002,14.833334,608.1667,14.833334
3411005,14.833334,726.8334,14.833334
3411007,5.3278685,5.3278685,5.3278685
3411008,5.3278685,10.655737,5.3278685
3411012,5.3278685,5.3278685,5.3278685
3411014,1.0,100.0,1.24
3411017,5.3278685,21.311474,5.3278685
3411019,5.3278685,10.655737,5.3278685
3411028,5.3278685,5.3278685,5.3278685
3411034,5.3278685,5.3278685,5.3278685
3411041,5.3278685,10.655737,5.3278685
3411046,5.3278685,5.3278685,5.3278685
3411047,5.3278685,26.639343,5.3278685
3411053,5.3278685,15.983605,5.3278685
3411061,5.3278685,10.655737,5.3278685
3411070,5.3278685,5.3278685,5.3278685
3411077,5.3278685,10.655737,
3411087,5.3278685,5.3278685,5.3278685
3411091,5.3278685,10.655737,5.3278685
3411111,5.3278685,511.47537,10.655737
3411117,1.0,80.0,2.0
3411122,5.3278685,5.3278685,5.3278685
3411123,5.3278685,5.3278685,5.3278685
3412003,5.3278685,5.3278685,5.3278685
3412004,5.3278685,10.655737,5.3278685
3412011,5.3278685,10.655737,10.655737
3412013,5.3278685,42.622948,5.3278685
3412016,5.3278685,10.655737,5.3278685
3412017,5.3278685,37.29508,5.3278685
3412018,5.3278685,5.3278685,5.3278685
3412020,5.3278685,5.3278685,5.3278685
3412022,5.3278685,10.655737,5.3278685
3412027,5.3278685,21.311474,5.3278685
3412037,5.3278685,31.96721,5.3278685
3412040,5.3278685,5.3278685,5.3278685
3412042,5.3278685,26.639343,5.3278685
3412047,5.3278685,159.83606,5.3278685
3412050,5.3278685,186.4754,5.3278685
3412051,5.3278685,37.29508,5.3278685
3412053,5.3278685,5.3278685,5.3278685
3412054,5.3278685,5.3278685,5.3278685
3413012,5.3278685,10.655737,5.3278685
3413016,5.3278685,10.655737,5.3278685
3413017,5.3278685,26.639343,15.983605
3413025,5.3278685,15.983605,5.3278685
3413029,5.3278685,21.311474,10.655737
3413030,5.3278685,21.311474,10.655737
3413031,5.3278685,5.3278685,5.3278685
3413039,5.3278685,10.655737,5.3278685
3413041,5.3278685,31.96721,5.3278685
3414004,5.4358974,21.74359,5.4358974
3414009,5.4358974,27.179487,16.307692
3414015,5.4358974,59.794872,16.307692
3414018,18.5,111.0,27.75
3414049,5.4358974,70.666664,14.495727
3414056,18.5,92.5,27.75
3414058,5.4358974,32.615383,5.4358974
3414061,5.4358974,27.179487,
3414069,5.4358974,70.666664,10.871795
3415009,5.3278685,5.3278685,5.3278685
3415014,5.3278685,10.655737,5.3278685
3415016,5.3278685,15.983605,5.3278685
3415021,5.3278685,21.311474,5.3278685
3415023,5.3278685,31.96721,7.9918027
3415024,5.3278685,37.29508,5.3278685
3415036,5.3278685,5.3278685,5.3278685
3415040,5.3278685,58.606552,10.655737
3415042,5.3278685,10.655737,5.3278685
3415043,5.3278685,10.655737,5.3278685
3415048,5.3278685,5.3278685,5.3278685
3415052,5.3278685,21.311474,5.3278685
3415053,5.3278685,10.655737,
3415055,5.3278685,63.93442,5.3278685
3415056,5.3278685,159.83606,15.983605
3416002,5.3278685,10.655737,5.3278685
3416012,5.3278685,31.96721,5.3278685
3416014,5.3278685,10.655737,5.3278685
3416016,5.3278685,10.655737,5.3278685
3416019,5.3278685,53.278687,10.655737
3416020,5.3278685,37.29508,10.655737
3416021,5.3278685,31.96721,5.3278685
3416024,5.3278685,10.655737,5.3278685
3416033,5.3278685,21.311474,5.3278685
3416035,5.3278685,21.311474,5.3278685
3416040,5.3278685,37.29508,7.9918027
3416054,1.0,136.0,1.74
